ts,equity_usdt,note
2025-05-19 04:10:00+00:00,1000.0,
2025-05-19 08:20:00+00:00,1000.0,
2025-05-19 12:30:00+00:00,1000.0,
2025-05-19 16:40:00+00:00,1000.0,
2025-05-19 20:50:00+00:00,1000.0,
2025-05-19 23:05:00+00:00,1000.0624859489953,TP1
2025-05-20 00:15:00+00:00,1000.1376600211421,TP2
2025-05-20 01:00:00+00:00,1000.1376600211421,
2025-05-20 01:40:00+00:00,1000.1912718264647,TP1
2025-05-20 03:00:00+00:00,1000.2013619531008,STOP
2025-05-20 05:10:00+00:00,1000.2013619531008,
2025-05-20 06:25:00+00:00,999.9812121837753,STOP
2025-05-20 09:20:00+00:00,999.9812121837753,
2025-05-20 13:30:00+00:00,999.9812121837753,
2025-05-20 17:10:00+00:00,1000.0336921466073,TP1
2025-05-20 17:10:00+00:00,1000.0861721094394,TP2
2025-05-20 17:40:00+00:00,1000.0861721094394,
2025-05-20 19:25:00+00:00,1000.1535936354805,TP1
2025-05-20 19:50:00+00:00,1000.3035732098053,TP2
2025-05-20 21:50:00+00:00,1000.3035732098053,
2025-05-21 01:55:00+00:00,1000.1956303214336,STOP
2025-05-21 02:00:00+00:00,1000.1956303214336,
2025-05-21 06:10:00+00:00,1000.1956303214336,
2025-05-21 10:20:00+00:00,1000.1956303214336,
2025-05-21 14:30:00+00:00,1000.1956303214336,
2025-05-21 18:40:00+00:00,1000.1956303214336,
2025-05-21 19:55:00+00:00,1000.2329892176714,TP1
2025-05-21 20:10:00+00:00,1000.2102450464383,STOP
2025-05-21 21:05:00+00:00,1000.2245132392708,TP1
2025-05-21 21:15:00+00:00,1000.2160067762466,STOP
2025-05-21 22:50:00+00:00,1000.2160067762466,
2025-05-22 02:20:00+00:00,1000.2500967587348,TP1
2025-05-22 02:35:00+00:00,1000.3347688400745,TP2
2025-05-22 03:00:00+00:00,1000.3347688400745,
2025-05-22 07:10:00+00:00,1000.3347688400745,
2025-05-22 11:20:00+00:00,1000.3347688400745,
2025-05-22 15:30:00+00:00,1000.3347688400745,
2025-05-22 16:15:00+00:00,1000.4243192208505,TP1
2025-05-22 19:40:00+00:00,1000.4243192208505,
2025-05-22 19:55:00+00:00,1000.452583483375,STOP
2025-05-22 23:50:00+00:00,1000.452583483375,
2025-05-23 04:00:00+00:00,1000.452583483375,
2025-05-23 08:10:00+00:00,1000.452583483375,
2025-05-23 12:20:00+00:00,1000.452583483375,
2025-05-23 16:30:00+00:00,1000.452583483375,
2025-05-23 20:40:00+00:00,1000.452583483375,
2025-05-24 00:50:00+00:00,1000.452583483375,
2025-05-24 05:00:00+00:00,1000.452583483375,
2025-05-24 09:10:00+00:00,1000.452583483375,
2025-05-24 13:20:00+00:00,1000.452583483375,
2025-05-24 17:30:00+00:00,1000.452583483375,
2025-05-24 21:40:00+00:00,1000.452583483375,
2025-05-25 01:50:00+00:00,1000.452583483375,
2025-05-25 06:00:00+00:00,1000.452583483375,
2025-05-25 10:10:00+00:00,1000.452583483375,
2025-05-25 14:20:00+00:00,1000.452583483375,
2025-05-25 18:30:00+00:00,1000.452583483375,
2025-05-25 22:40:00+00:00,1000.452583483375,
2025-05-26 00:40:00+00:00,1000.4524360248655,TP1
2025-05-26 00:45:00+00:00,1000.4451479948524,STOP
2025-05-26 02:50:00+00:00,1000.4451479948524,
2025-05-26 03:20:00+00:00,1000.4466514300109,TP1
2025-05-26 04:00:00+00:00,1000.4450039277813,STOP
2025-05-26 07:00:00+00:00,1000.4450039277813,
2025-05-26 11:10:00+00:00,1000.4450039277813,
2025-05-26 15:20:00+00:00,1000.4450039277813,
2025-05-26 19:30:00+00:00,1000.4450039277813,
2025-05-26 23:40:00+00:00,1000.4450039277813,
2025-05-27 03:50:00+00:00,1000.4450039277813,
2025-05-27 07:35:00+00:00,1000.5526966602874,TP1
2025-05-27 08:00:00+00:00,1000.5526966602874,
2025-05-27 12:10:00+00:00,1000.5526966602874,
2025-05-27 13:05:00+00:00,1000.7543759759106,TP2
2025-05-27 16:20:00+00:00,1000.7543759759106,
2025-05-27 20:30:00+00:00,1000.7543759759106,
2025-05-28 00:40:00+00:00,1000.7543759759106,
2025-05-28 04:50:00+00:00,1000.7543759759106,
2025-05-28 09:00:00+00:00,1000.7543759759106,
2025-05-28 13:10:00+00:00,1000.7543759759106,
2025-05-28 17:20:00+00:00,1000.7543759759106,
2025-05-28 21:30:00+00:00,1000.7543759759106,
2025-05-29 01:40:00+00:00,1000.7543759759106,
2025-05-29 05:50:00+00:00,1000.7543759759106,
2025-05-29 10:00:00+00:00,1000.7543759759106,
2025-05-29 14:10:00+00:00,1000.7543759759106,
2025-05-29 18:20:00+00:00,1000.7543759759106,
2025-05-29 22:30:00+00:00,1000.7543759759106,
2025-05-30 02:40:00+00:00,1000.7543759759106,
2025-05-30 06:50:00+00:00,1000.7543759759106,
2025-05-30 11:00:00+00:00,1000.7543759759106,
2025-05-30 15:10:00+00:00,1000.7543759759106,
2025-05-30 19:20:00+00:00,1000.7543759759106,
2025-05-30 23:30:00+00:00,1000.7543759759106,
2025-05-31 03:40:00+00:00,1000.7543759759106,
2025-05-31 07:50:00+00:00,1000.7543759759106,
2025-05-31 12:00:00+00:00,1000.7543759759106,
2025-05-31 16:10:00+00:00,1000.7543759759106,
2025-05-31 20:20:00+00:00,1000.7543759759106,
2025-06-01 00:30:00+00:00,1000.7543759759106,
2025-06-01 04:30:00+00:00,1000.800713168063,TP1
2025-06-01 04:40:00+00:00,1000.800713168063,
2025-06-01 06:20:00+00:00,1000.7900477317352,STOP
2025-06-01 08:50:00+00:00,1000.7900477317352,
2025-06-01 09:00:00+00:00,1000.7868970460751,TP1
2025-06-01 09:05:00+00:00,1000.7573878323494,STOP
2025-06-01 13:00:00+00:00,1000.7573878323494,
2025-06-01 17:10:00+00:00,1000.7573878323494,
2025-06-01 21:20:00+00:00,1000.7573878323494,
2025-06-02 01:30:00+00:00,1000.7573878323494,
2025-06-02 05:40:00+00:00,1000.7573878323494,
2025-06-02 09:50:00+00:00,1000.7573878323494,
2025-06-02 14:00:00+00:00,1000.7573878323494,
2025-06-02 18:10:00+00:00,1000.7573878323494,
2025-06-02 22:20:00+00:00,1000.7573878323494,
2025-06-03 02:30:00+00:00,1000.7573878323494,
2025-06-03 06:40:00+00:00,1000.7573878323494,
2025-06-03 10:50:00+00:00,1000.7573878323494,
2025-06-03 15:00:00+00:00,1000.7573878323494,
2025-06-03 19:10:00+00:00,1000.7573878323494,
2025-06-03 23:20:00+00:00,1000.7573878323494,
2025-06-04 03:30:00+00:00,1000.7573878323494,
2025-06-04 07:40:00+00:00,1000.7573878323494,
2025-06-04 11:50:00+00:00,1000.7573878323494,
2025-06-04 16:00:00+00:00,1000.7573878323494,
2025-06-04 20:10:00+00:00,1000.7573878323494,
2025-06-05 00:20:00+00:00,1000.7573878323494,
2025-06-05 04:30:00+00:00,1000.7573878323494,
2025-06-05 08:40:00+00:00,1000.7573878323494,
2025-06-05 12:50:00+00:00,1000.7573878323494,
2025-06-05 17:00:00+00:00,1000.7573878323494,
2025-06-05 21:10:00+00:00,1000.7573878323494,
2025-06-06 01:20:00+00:00,1000.7573878323494,
2025-06-06 05:30:00+00:00,1000.7573878323494,
2025-06-06 09:40:00+00:00,1000.7573878323494,
2025-06-06 13:50:00+00:00,1000.7573878323494,
2025-06-06 18:00:00+00:00,1000.7573878323494,
2025-06-06 22:10:00+00:00,1000.7573878323494,
2025-06-07 02:20:00+00:00,1000.7573878323494,
2025-06-07 06:30:00+00:00,1000.7573878323494,
2025-06-07 10:40:00+00:00,1000.7573878323494,
2025-06-07 14:50:00+00:00,1000.7573878323494,
2025-06-07 19:00:00+00:00,1000.7573878323494,
2025-06-07 23:10:00+00:00,1000.7573878323494,
2025-06-08 03:20:00+00:00,1000.7573878323494,
2025-06-08 07:30:00+00:00,1000.7573878323494,
2025-06-08 07:40:00+00:00,1000.7158019448541,STOP
2025-06-08 11:40:00+00:00,1000.7158019448541,
2025-06-08 15:05:00+00:00,1000.7446126395763,TP1
2025-06-08 15:50:00+00:00,1000.7446126395763,
2025-06-08 16:10:00+00:00,1000.7948829187554,TP2
2025-06-08 20:00:00+00:00,1000.7948829187554,
2025-06-08 23:20:00+00:00,1000.7503900062085,STOP
2025-06-09 00:10:00+00:00,1000.7503900062085,
2025-06-09 00:25:00+00:00,1000.7634067048153,TP1
2025-06-09 00:45:00+00:00,1000.7581283496964,STOP
2025-06-09 04:20:00+00:00,1000.7581283496964,
2025-06-09 08:30:00+00:00,1000.7581283496964,
2025-06-09 12:40:00+00:00,1000.7581283496964,
2025-06-09 16:50:00+00:00,1000.7581283496964,
2025-06-09 21:00:00+00:00,1000.7581283496964,
2025-06-10 01:10:00+00:00,1000.7581283496964,
2025-06-10 05:20:00+00:00,1000.7581283496964,
2025-06-10 09:30:00+00:00,1000.7581283496964,
2025-06-10 13:40:00+00:00,1000.7581283496964,
2025-06-10 17:50:00+00:00,1000.7581283496964,
2025-06-10 22:00:00+00:00,1000.7581283496964,
2025-06-11 02:10:00+00:00,1000.7581283496964,
2025-06-11 03:40:00+00:00,1000.7461371361607,STOP
2025-06-11 06:20:00+00:00,1000.7461371361607,
2025-06-11 09:35:00+00:00,1000.6559417580127,STOP
2025-06-11 10:30:00+00:00,1000.6559417580127,
2025-06-11 14:40:00+00:00,1000.6559417580127,
2025-06-11 18:50:00+00:00,1000.6559417580127,
2025-06-11 23:00:00+00:00,1000.6559417580127,
2025-06-12 03:10:00+00:00,1000.6559417580127,
2025-06-12 07:20:00+00:00,1000.6559417580127,
2025-06-12 11:30:00+00:00,1000.6559417580127,
2025-06-12 15:40:00+00:00,1000.6559417580127,
2025-06-12 19:50:00+00:00,1000.6559417580127,
2025-06-13 00:00:00+00:00,1000.6559417580127,
2025-06-13 04:10:00+00:00,1000.6559417580127,
2025-06-13 08:20:00+00:00,1000.6559417580127,
2025-06-13 12:30:00+00:00,1000.6559417580127,
2025-06-13 16:40:00+00:00,1000.6559417580127,
2025-06-13 20:50:00+00:00,1000.6559417580127,
2025-06-14 01:00:00+00:00,1000.6559417580127,
2025-06-14 05:10:00+00:00,1000.6559417580127,
2025-06-14 09:20:00+00:00,1000.6559417580127,
2025-06-14 13:30:00+00:00,1000.6559417580127,
2025-06-14 17:40:00+00:00,1000.6559417580127,
2025-06-14 21:50:00+00:00,1000.6559417580127,
2025-06-15 02:00:00+00:00,1000.6559417580127,
2025-06-15 06:10:00+00:00,1000.6559417580127,
2025-06-15 10:20:00+00:00,1000.6559417580127,
2025-06-15 14:30:00+00:00,1000.6559417580127,
2025-06-15 18:40:00+00:00,1000.6559417580127,
2025-06-15 22:50:00+00:00,1000.6559417580127,
2025-06-16 01:50:00+00:00,1000.6926370461923,TP1
2025-06-16 03:00:00+00:00,1000.6926370461923,
2025-06-16 04:20:00+00:00,1000.787901370013,TP2
2025-06-16 07:10:00+00:00,1000.787901370013,
2025-06-16 11:20:00+00:00,1000.787901370013,
2025-06-16 15:30:00+00:00,1000.787901370013,
2025-06-16 19:40:00+00:00,1000.787901370013,
2025-06-16 23:50:00+00:00,1000.787901370013,
2025-06-17 04:00:00+00:00,1000.787901370013,
2025-06-17 08:10:00+00:00,1000.787901370013,
2025-06-17 12:20:00+00:00,1000.787901370013,
2025-06-17 16:30:00+00:00,1000.787901370013,
2025-06-17 20:40:00+00:00,1000.787901370013,
2025-06-18 00:35:00+00:00,1000.7894058317896,TP1
2025-06-18 00:40:00+00:00,1000.7787505151156,STOP
2025-06-18 00:50:00+00:00,1000.7787505151156,
2025-06-18 05:00:00+00:00,1000.7787505151156,
2025-06-18 09:10:00+00:00,1000.7787505151156,
2025-06-18 13:20:00+00:00,1000.7787505151156,
2025-06-18 17:30:00+00:00,1000.7787505151156,
2025-06-18 21:40:00+00:00,1000.7787505151156,
2025-06-19 01:50:00+00:00,1000.7787505151156,
2025-06-19 06:00:00+00:00,1000.7787505151156,
2025-06-19 10:10:00+00:00,1000.7787505151156,
2025-06-19 14:20:00+00:00,1000.7787505151156,
2025-06-19 18:30:00+00:00,1000.7787505151156,
2025-06-19 22:40:00+00:00,1000.7787505151156,
2025-06-20 00:45:00+00:00,1000.8046220060266,TP1
2025-06-20 00:45:00+00:00,1000.8304934969377,TP2
2025-06-20 02:50:00+00:00,1000.8304934969377,
2025-06-20 04:20:00+00:00,1000.7780288542622,STOP
2025-06-20 07:00:00+00:00,1000.7780288542622,
2025-06-20 11:10:00+00:00,1000.7780288542622,
2025-06-20 15:20:00+00:00,1000.7780288542622,
2025-06-20 19:30:00+00:00,1000.7780288542622,
2025-06-20 23:40:00+00:00,1000.7780288542622,
2025-06-21 03:50:00+00:00,1000.7780288542622,
2025-06-21 08:00:00+00:00,1000.7780288542622,
2025-06-21 12:10:00+00:00,1000.7780288542622,
2025-06-21 16:20:00+00:00,1000.7780288542622,
2025-06-21 20:30:00+00:00,1000.7780288542622,
2025-06-22 00:40:00+00:00,1000.7780288542622,
2025-06-22 04:50:00+00:00,1000.7780288542622,
2025-06-22 09:00:00+00:00,1000.7780288542622,
2025-06-22 13:10:00+00:00,1000.7780288542622,
2025-06-22 17:20:00+00:00,1000.7780288542622,
2025-06-22 21:30:00+00:00,1000.7780288542622,
2025-06-23 01:25:00+00:00,1000.7299823394093,STOP
2025-06-23 01:40:00+00:00,1000.7299823394093,
2025-06-23 01:50:00+00:00,1000.767480639496,TP1
2025-06-23 02:25:00+00:00,1000.8234975384531,TP2
2025-06-23 05:50:00+00:00,1000.8234975384531,
2025-06-23 10:00:00+00:00,1000.8234975384531,
2025-06-23 14:10:00+00:00,1000.8234975384531,
2025-06-23 18:20:00+00:00,1000.8234975384531,
2025-06-23 22:30:00+00:00,1000.8234975384531,
2025-06-24 02:40:00+00:00,1000.8234975384531,
2025-06-24 06:50:00+00:00,1000.8234975384531,
2025-06-24 09:25:00+00:00,1000.8531088341715,TP1
2025-06-24 09:55:00+00:00,1000.847030428265,STOP
2025-06-24 11:00:00+00:00,1000.847030428265,
2025-06-24 15:10:00+00:00,1000.847030428265,
2025-06-24 19:20:00+00:00,1000.847030428265,
2025-06-24 23:30:00+00:00,1000.847030428265,
2025-06-25 03:40:00+00:00,1000.847030428265,
2025-06-25 07:50:00+00:00,1000.847030428265,
2025-06-25 10:20:00+00:00,1000.8958830373016,TP1
2025-06-25 10:25:00+00:00,1000.9625642039389,TP2
2025-06-25 12:00:00+00:00,1000.9625642039389,
2025-06-25 15:15:00+00:00,1000.7578776533891,STOP
2025-06-25 16:10:00+00:00,1000.7578776533891,
2025-06-25 20:20:00+00:00,1000.7578776533891,
2025-06-26 00:30:00+00:00,1000.7578776533891,
2025-06-26 04:40:00+00:00,1000.7578776533891,
2025-06-26 08:50:00+00:00,1000.7578776533891,
2025-06-26 13:00:00+00:00,1000.7578776533891,
2025-06-26 17:10:00+00:00,1000.7578776533891,
2025-06-26 21:20:00+00:00,1000.7578776533891,
2025-06-27 01:30:00+00:00,1000.7578776533891,
2025-06-27 05:40:00+00:00,1000.7578776533891,
2025-06-27 09:50:00+00:00,1000.7578776533891,
2025-06-27 14:00:00+00:00,1000.7578776533891,
2025-06-27 18:10:00+00:00,1000.7578776533891,
2025-06-27 22:20:00+00:00,1000.7578776533891,
2025-06-28 02:30:00+00:00,1000.7578776533891,
2025-06-28 06:40:00+00:00,1000.7578776533891,
2025-06-28 10:50:00+00:00,1000.7578776533891,
2025-06-28 15:00:00+00:00,1000.7578776533891,
2025-06-28 19:10:00+00:00,1000.7578776533891,
2025-06-28 23:20:00+00:00,1000.7578776533891,
2025-06-29 03:30:00+00:00,1000.7578776533891,
2025-06-29 07:40:00+00:00,1000.7578776533891,
2025-06-29 11:50:00+00:00,1000.7578776533891,
2025-06-29 16:00:00+00:00,1000.7578776533891,
2025-06-29 20:10:00+00:00,1000.7578776533891,
2025-06-30 00:20:00+00:00,1000.7578776533891,
2025-06-30 04:30:00+00:00,1000.7578776533891,
2025-06-30 08:40:00+00:00,1000.7578776533891,
2025-06-30 12:50:00+00:00,1000.7578776533891,
2025-06-30 17:00:00+00:00,1000.7578776533891,
2025-06-30 21:10:00+00:00,1000.7578776533891,
2025-07-01 01:20:00+00:00,1000.7578776533891,
2025-07-01 05:30:00+00:00,1000.7578776533891,
2025-07-01 09:40:00+00:00,1000.7578776533891,
2025-07-01 13:50:00+00:00,1000.7578776533891,
2025-07-01 18:00:00+00:00,1000.7578776533891,
2025-07-01 22:10:00+00:00,1000.7578776533891,
2025-07-02 02:20:00+00:00,1000.7578776533891,
2025-07-02 06:30:00+00:00,1000.7578776533891,
2025-07-02 10:40:00+00:00,1000.7578776533891,
2025-07-02 14:50:00+00:00,1000.7578776533891,
2025-07-02 19:00:00+00:00,1000.7578776533891,
2025-07-02 19:25:00+00:00,1000.805507306078,TP1
2025-07-02 20:50:00+00:00,1000.7999462151907,STOP
2025-07-02 23:10:00+00:00,1000.7999462151907,
2025-07-03 03:20:00+00:00,1000.7999462151907,
2025-07-03 07:30:00+00:00,1000.7999462151907,
2025-07-03 11:40:00+00:00,1000.7999462151907,
2025-07-03 15:35:00+00:00,1000.7373760600797,STOP
2025-07-03 15:50:00+00:00,1000.7373760600797,
2025-07-03 19:00:00+00:00,1000.7535173648492,TP1
2025-07-03 20:00:00+00:00,1000.7535173648492,
2025-07-04 00:10:00+00:00,1000.7535173648492,
2025-07-04 00:15:00+00:00,1000.7464587751318,STOP
2025-07-04 04:20:00+00:00,1000.7464587751318,
2025-07-04 08:30:00+00:00,1000.7464587751318,
2025-07-04 12:40:00+00:00,1000.7464587751318,
2025-07-04 16:50:00+00:00,1000.7464587751318,
2025-07-04 21:00:00+00:00,1000.7464587751318,
2025-07-05 01:10:00+00:00,1000.7464587751318,
2025-07-05 05:20:00+00:00,1000.7464587751318,
2025-07-05 09:30:00+00:00,1000.7464587751318,
2025-07-05 13:40:00+00:00,1000.7464587751318,
2025-07-05 17:50:00+00:00,1000.7464587751318,
2025-07-05 22:00:00+00:00,1000.7464587751318,
2025-07-06 02:10:00+00:00,1000.7464587751318,
2025-07-06 06:20:00+00:00,1000.7464587751318,
2025-07-06 10:30:00+00:00,1000.7464587751318,
2025-07-06 14:40:00+00:00,1000.7464587751318,
2025-07-06 18:50:00+00:00,1000.7464587751318,
2025-07-06 23:00:00+00:00,1000.7464587751318,
2025-07-07 03:10:00+00:00,1000.7464587751318,
2025-07-07 07:20:00+00:00,1000.7464587751318,
2025-07-07 11:30:00+00:00,1000.7464587751318,
2025-07-07 15:40:00+00:00,1000.7464587751318,
2025-07-07 19:50:00+00:00,1000.7464587751318,
2025-07-08 00:00:00+00:00,1000.7464587751318,
2025-07-08 04:10:00+00:00,1000.7464587751318,
2025-07-08 08:20:00+00:00,1000.7464587751318,
2025-07-08 12:30:00+00:00,1000.7464587751318,
2025-07-08 16:40:00+00:00,1000.7464587751318,
2025-07-08 20:50:00+00:00,1000.7464587751318,
2025-07-09 01:00:00+00:00,1000.7464587751318,
2025-07-09 05:10:00+00:00,1000.7464587751318,
2025-07-09 09:20:00+00:00,1000.7464587751318,
2025-07-09 13:30:00+00:00,1000.7464587751318,
2025-07-09 17:40:00+00:00,1000.7464587751318,
2025-07-09 21:50:00+00:00,1000.7464587751318,
2025-07-10 02:00:00+00:00,1000.7464587751318,
2025-07-10 05:05:00+00:00,1000.7105736156217,STOP
2025-07-10 06:10:00+00:00,1000.7105736156217,
2025-07-10 10:20:00+00:00,1000.7105736156217,
2025-07-10 14:30:00+00:00,1000.7105736156217,
2025-07-10 18:40:00+00:00,1000.7105736156217,
2025-07-10 19:00:00+00:00,1000.7486735529318,TP1
2025-07-10 19:30:00+00:00,1000.7172996439004,STOP
2025-07-10 22:50:00+00:00,1000.7172996439004,
2025-07-11 03:00:00+00:00,1000.7172996439004,
2025-07-11 07:10:00+00:00,1000.7172996439004,
2025-07-11 09:15:00+00:00,1000.7516269002103,TP1
2025-07-11 09:35:00+00:00,1000.8677190079286,TP2
2025-07-11 11:20:00+00:00,1000.8677190079286,
2025-07-11 15:30:00+00:00,1000.8677190079286,
2025-07-11 17:50:00+00:00,1000.8802066867187,TP1
2025-07-11 18:10:00+00:00,1000.879938581073,STOP
2025-07-11 19:40:00+00:00,1000.879938581073,
2025-07-11 23:50:00+00:00,1000.879938581073,
2025-07-12 04:00:00+00:00,1000.879938581073,
2025-07-12 06:25:00+00:00,1000.9338305706698,TP1
2025-07-12 08:10:00+00:00,1000.9338305706698,
2025-07-12 12:20:00+00:00,1000.9338305706698,
2025-07-12 12:35:00+00:00,1000.9290732231518,STOP
2025-07-12 16:30:00+00:00,1000.9290732231518,
2025-07-12 20:40:00+00:00,1000.9290732231518,
2025-07-13 00:50:00+00:00,1000.9290732231518,
2025-07-13 02:40:00+00:00,1000.9447213799251,TP1
2025-07-13 02:45:00+00:00,1000.9723221321997,TP2
2025-07-13 05:00:00+00:00,1000.9723221321997,
2025-07-13 09:10:00+00:00,1000.9723221321997,
2025-07-13 13:20:00+00:00,1000.9723221321997,
2025-07-13 17:00:00+00:00,1000.8790841832708,STOP
2025-07-13 17:30:00+00:00,1000.8790841832708,
2025-07-13 21:40:00+00:00,1000.8790841832708,
2025-07-14 01:50:00+00:00,1000.8790841832708,
2025-07-14 06:00:00+00:00,1000.8790841832708,
2025-07-14 10:10:00+00:00,1000.8790841832708,
2025-07-14 14:20:00+00:00,1000.8790841832708,
2025-07-14 18:30:00+00:00,1000.8790841832708,
2025-07-14 22:40:00+00:00,1000.8790841832708,
2025-07-15 02:50:00+00:00,1000.8790841832708,
2025-07-15 07:00:00+00:00,1000.8790841832708,
2025-07-15 11:10:00+00:00,1000.8790841832708,
2025-07-15 13:40:00+00:00,1000.9355506694241,TP1
2025-07-15 14:15:00+00:00,1000.9354752513503,STOP
2025-07-15 15:20:00+00:00,1000.9354752513503,
2025-07-15 19:30:00+00:00,1000.9354752513503,
2025-07-15 23:40:00+00:00,1000.9354752513503,
2025-07-16 03:50:00+00:00,1000.9354752513503,
2025-07-16 08:00:00+00:00,1000.9354752513503,
2025-07-16 12:10:00+00:00,1000.9354752513503,
2025-07-16 16:20:00+00:00,1000.9354752513503,
2025-07-16 18:45:00+00:00,1001.0028005944741,TP1
2025-07-16 19:10:00+00:00,1000.9863557181238,STOP
2025-07-16 20:30:00+00:00,1000.9863557181238,
2025-07-17 00:40:00+00:00,1000.9863557181238,
2025-07-17 01:30:00+00:00,1000.8230180416369,STOP
2025-07-17 04:50:00+00:00,1000.8230180416369,
2025-07-17 06:05:00+00:00,1000.8776158032208,TP1
2025-07-17 07:00:00+00:00,1000.8559780869695,STOP
2025-07-17 09:00:00+00:00,1000.8559780869695,
2025-07-17 13:10:00+00:00,1000.8559780869695,
2025-07-17 17:20:00+00:00,1000.8559780869695,
2025-07-17 21:30:00+00:00,1000.8559780869695,
2025-07-18 01:10:00+00:00,1000.9515674633224,TP1
2025-07-18 01:40:00+00:00,1000.9515674633224,
2025-07-18 05:50:00+00:00,1000.9515674633224,
2025-07-18 07:50:00+00:00,1000.9390502974148,STOP
2025-07-18 10:00:00+00:00,1000.9390502974148,
2025-07-18 14:10:00+00:00,1000.9390502974148,
2025-07-18 18:20:00+00:00,1000.9390502974148,
2025-07-18 22:30:00+00:00,1000.9390502974148,
2025-07-19 02:40:00+00:00,1000.9390502974148,
2025-07-19 06:50:00+00:00,1000.9390502974148,
2025-07-19 09:40:00+00:00,1000.960890476188,TP1
2025-07-19 11:00:00+00:00,1000.960890476188,
2025-07-19 11:05:00+00:00,1000.9962524530006,TP2
2025-07-19 15:10:00+00:00,1000.9962524530006,
2025-07-19 19:20:00+00:00,1000.9962524530006,
2025-07-19 23:30:00+00:00,1000.9962524530006,
2025-07-20 00:50:00+00:00,1001.0225632403699,TP1
2025-07-20 00:50:00+00:00,1001.0488740277392,TP2
2025-07-20 03:40:00+00:00,1001.0488740277392,
2025-07-20 04:20:00+00:00,1001.0662430072903,TP1
2025-07-20 05:05:00+00:00,1001.0504136558269,STOP
2025-07-20 07:50:00+00:00,1001.0504136558269,
2025-07-20 12:00:00+00:00,1001.0504136558269,
2025-07-20 13:50:00+00:00,1001.1022129538558,TP1
2025-07-20 14:00:00+00:00,1001.1806498497148,TP2
2025-07-20 16:10:00+00:00,1001.1806498497148,
2025-07-20 19:05:00+00:00,1001.2271593170196,TP1
2025-07-20 19:55:00+00:00,1001.2200900047341,STOP
2025-07-20 20:20:00+00:00,1001.2200900047341,
2025-07-21 00:30:00+00:00,1001.2200900047341,
2025-07-21 04:40:00+00:00,1001.2200900047341,
2025-07-21 08:50:00+00:00,1001.2200900047341,
2025-07-21 13:00:00+00:00,1001.2200900047341,
2025-07-21 16:15:00+00:00,1000.9821754683102,STOP
2025-07-21 17:10:00+00:00,1000.9821754683102,
2025-07-21 21:20:00+00:00,1000.9821754683102,
2025-07-22 01:30:00+00:00,1000.9821754683102,
2025-07-22 05:40:00+00:00,1000.9821754683102,
2025-07-22 09:50:00+00:00,1000.9821754683102,
2025-07-22 13:50:00+00:00,1000.6631617900055,STOP
2025-07-22 14:00:00+00:00,1000.6631617900055,
2025-07-22 18:10:00+00:00,1000.6631617900055,
2025-07-22 22:20:00+00:00,1000.6631617900055,
2025-07-23 02:30:00+00:00,1000.6631617900055,
2025-07-23 06:40:00+00:00,1000.6631617900055,
2025-07-23 10:50:00+00:00,1000.6631617900055,
2025-07-23 15:00:00+00:00,1000.6631617900055,
2025-07-23 19:10:00+00:00,1000.6631617900055,
2025-07-23 23:20:00+00:00,1000.6631617900055,
2025-07-24 03:20:00+00:00,1000.7033671978002,TP1
2025-07-24 03:25:00+00:00,1000.7310772542077,TP2
2025-07-24 03:30:00+00:00,1000.7310772542077,
2025-07-24 07:40:00+00:00,1000.7310772542077,
2025-07-24 11:50:00+00:00,1000.7310772542077,
2025-07-24 14:55:00+00:00,1000.8619330758505,TP1
2025-07-24 16:00:00+00:00,1000.8619330758505,
2025-07-24 20:10:00+00:00,1000.8619330758505,
2025-07-25 00:20:00+00:00,1000.8520164238909,STOP
2025-07-25 04:30:00+00:00,1000.8520164238909,
2025-07-25 08:40:00+00:00,1000.8520164238909,
2025-07-25 12:50:00+00:00,1000.8520164238909,
2025-07-25 14:15:00+00:00,1000.7249967188587,STOP
2025-07-25 17:00:00+00:00,1000.7249967188587,
2025-07-25 21:10:00+00:00,1000.7249967188587,
2025-07-26 01:20:00+00:00,1000.7249967188587,
2025-07-26 05:30:00+00:00,1000.7249967188587,
2025-07-26 09:40:00+00:00,1000.7249967188587,
2025-07-26 13:50:00+00:00,1000.7249967188587,
2025-07-26 18:00:00+00:00,1000.7249967188587,
2025-07-26 22:10:00+00:00,1000.7249967188587,
2025-07-27 02:20:00+00:00,1000.7249967188587,
2025-07-27 06:30:00+00:00,1000.7249967188587,
2025-07-27 10:40:00+00:00,1000.7249967188587,
2025-07-27 14:15:00+00:00,1000.7613940025772,TP1
2025-07-27 14:50:00+00:00,1000.7613940025772,
2025-07-27 15:55:00+00:00,1000.866775457579,TP2
2025-07-27 19:00:00+00:00,1000.866775457579,
2025-07-27 23:10:00+00:00,1000.866775457579,
2025-07-28 03:20:00+00:00,1000.866775457579,
2025-07-28 07:30:00+00:00,1000.866775457579,
2025-07-28 11:40:00+00:00,1000.866775457579,
2025-07-28 15:50:00+00:00,1000.866775457579,
2025-07-28 20:00:00+00:00,1000.866775457579,
2025-07-29 00:10:00+00:00,1000.866775457579,
2025-07-29 04:20:00+00:00,1000.866775457579,
2025-07-29 08:30:00+00:00,1000.866775457579,
2025-07-29 12:40:00+00:00,1000.866775457579,
2025-07-29 16:50:00+00:00,1000.866775457579,
2025-07-29 21:00:00+00:00,1000.866775457579,
2025-07-30 01:10:00+00:00,1000.866775457579,
2025-07-30 02:10:00+00:00,1000.9045485968228,TP1
2025-07-30 05:10:00+00:00,1000.88555881761,STOP
2025-07-30 05:20:00+00:00,1000.88555881761,
2025-07-30 09:30:00+00:00,1000.88555881761,
2025-07-30 13:40:00+00:00,1000.88555881761,
2025-07-30 14:50:00+00:00,1000.9555425545961,TP1
2025-07-30 15:50:00+00:00,1000.9439117379959,STOP
2025-07-30 17:50:00+00:00,1000.9439117379959,
2025-07-30 22:00:00+00:00,1000.9439117379959,
2025-07-31 00:05:00+00:00,1000.97092878592,TP1
2025-07-31 00:35:00+00:00,1001.0359040179312,TP2
2025-07-31 02:10:00+00:00,1001.0359040179312,
2025-07-31 06:20:00+00:00,1001.0359040179312,
2025-07-31 10:30:00+00:00,1001.0359040179312,
2025-07-31 14:40:00+00:00,1001.0359040179312,
2025-07-31 17:30:00+00:00,1000.9204018920578,STOP
2025-07-31 18:50:00+00:00,1000.9204018920578,
2025-07-31 23:00:00+00:00,1000.9204018920578,
2025-08-01 03:10:00+00:00,1000.9204018920578,
2025-08-01 07:20:00+00:00,1000.9204018920578,
2025-08-01 11:30:00+00:00,1000.9204018920578,
2025-08-01 15:40:00+00:00,1000.9204018920578,
2025-08-01 19:50:00+00:00,1000.9204018920578,
2025-08-02 00:00:00+00:00,1000.9204018920578,
2025-08-02 04:10:00+00:00,1000.9204018920578,
2025-08-02 08:20:00+00:00,1000.9204018920578,
2025-08-02 12:30:00+00:00,1000.9204018920578,
2025-08-02 16:40:00+00:00,1000.9204018920578,
2025-08-02 20:50:00+00:00,1000.9204018920578,
2025-08-03 01:00:00+00:00,1000.9204018920578,
2025-08-03 05:10:00+00:00,1000.9204018920578,
2025-08-03 09:20:00+00:00,1000.9204018920578,
2025-08-03 13:30:00+00:00,1000.9204018920578,
2025-08-03 17:40:00+00:00,1000.9204018920578,
2025-08-03 21:50:00+00:00,1000.9204018920578,
2025-08-04 02:00:00+00:00,1000.9204018920578,
2025-08-04 06:10:00+00:00,1000.9204018920578,
2025-08-04 10:20:00+00:00,1000.9204018920578,
2025-08-04 14:30:00+00:00,1000.9204018920578,
2025-08-04 18:40:00+00:00,1000.9204018920578,
2025-08-04 22:50:00+00:00,1000.9204018920578,
2025-08-05 03:00:00+00:00,1000.9204018920578,
2025-08-05 07:10:00+00:00,1000.9204018920578,
2025-08-05 11:20:00+00:00,1000.9204018920578,
2025-08-05 15:30:00+00:00,1000.9204018920578,
2025-08-05 19:40:00+00:00,1000.9204018920578,
2025-08-05 23:50:00+00:00,1000.9204018920578,
2025-08-06 04:00:00+00:00,1000.9204018920578,
2025-08-06 08:10:00+00:00,1000.9204018920578,
2025-08-06 12:20:00+00:00,1000.9204018920578,
2025-08-06 16:30:00+00:00,1000.9204018920578,
2025-08-06 20:40:00+00:00,1000.9204018920578,
2025-08-07 00:50:00+00:00,1000.9204018920578,
2025-08-07 05:00:00+00:00,1000.9204018920578,
2025-08-07 09:10:00+00:00,1000.9204018920578,
2025-08-07 13:20:00+00:00,1000.9204018920578,
2025-08-07 17:30:00+00:00,1000.9204018920578,
2025-08-07 21:40:00+00:00,1000.9204018920578,
2025-08-08 01:50:00+00:00,1000.9204018920578,
2025-08-08 06:00:00+00:00,1000.9204018920578,
2025-08-08 10:10:00+00:00,1000.9204018920578,
2025-08-08 14:20:00+00:00,1000.9204018920578,
2025-08-08 18:30:00+00:00,1000.9204018920578,
2025-08-08 22:40:00+00:00,1000.9204018920578,
2025-08-09 02:50:00+00:00,1000.9204018920578,
2025-08-09 07:00:00+00:00,1000.9204018920578,
2025-08-09 11:10:00+00:00,1000.9204018920578,
2025-08-09 15:20:00+00:00,1000.9204018920578,
2025-08-09 19:30:00+00:00,1000.9204018920578,
2025-08-09 23:40:00+00:00,1000.9204018920578,
2025-08-10 03:50:00+00:00,1000.9204018920578,
2025-08-10 08:00:00+00:00,1000.9204018920578,
2025-08-10 12:10:00+00:00,1000.9204018920578,
2025-08-10 16:20:00+00:00,1000.9204018920578,
2025-08-10 20:30:00+00:00,1000.9204018920578,
2025-08-11 00:40:00+00:00,1000.9204018920578,
2025-08-11 01:30:00+00:00,1000.9219097514131,TP1
2025-08-11 01:35:00+00:00,1000.9148510956586,STOP
2025-08-11 04:50:00+00:00,1000.9148510956586,
2025-08-11 09:00:00+00:00,1000.9148510956586,
2025-08-11 13:10:00+00:00,1000.9148510956586,
2025-08-11 17:20:00+00:00,1000.9148510956586,
2025-08-11 21:30:00+00:00,1000.9148510956586,
2025-08-12 01:40:00+00:00,1000.9148510956586,
2025-08-12 05:50:00+00:00,1000.9148510956586,
2025-08-12 10:00:00+00:00,1000.9148510956586,
2025-08-12 14:10:00+00:00,1000.9148510956586,
2025-08-12 18:20:00+00:00,1000.9148510956586,
2025-08-12 22:30:00+00:00,1000.9148510956586,
2025-08-13 02:40:00+00:00,1000.9148510956586,
2025-08-13 06:50:00+00:00,1000.9148510956586,
2025-08-13 07:55:00+00:00,1000.9163543117094,TP1
2025-08-13 08:00:00+00:00,1000.9191261106392,STOP
2025-08-13 11:00:00+00:00,1000.9191261106392,
2025-08-13 15:10:00+00:00,1000.9191261106392,
2025-08-13 18:00:00+00:00,1000.9940464972219,TP1
2025-08-13 19:20:00+00:00,1000.9940464972219,
2025-08-13 19:50:00+00:00,1001.1705484279528,TP2
2025-08-13 23:30:00+00:00,1001.1705484279528,
2025-08-14 03:40:00+00:00,1001.1705484279528,
2025-08-14 04:10:00+00:00,1001.0486522359412,STOP
2025-08-14 07:50:00+00:00,1001.0486522359412,
2025-08-14 12:00:00+00:00,1001.0486522359412,
2025-08-14 16:10:00+00:00,1001.0486522359412,
2025-08-14 20:20:00+00:00,1001.0486522359412,
2025-08-15 00:30:00+00:00,1001.0486522359412,
2025-08-15 04:40:00+00:00,1001.0486522359412,
2025-08-15 08:50:00+00:00,1001.0486522359412,
2025-08-15 13:00:00+00:00,1001.0486522359412,
2025-08-15 17:10:00+00:00,1001.0486522359412,
2025-08-15 21:20:00+00:00,1001.0486522359412,
2025-08-16 01:30:00+00:00,1001.0486522359412,
2025-08-16 05:40:00+00:00,1001.0486522359412,
2025-08-16 09:50:00+00:00,1001.0486522359412,
2025-08-16 12:35:00+00:00,1001.0578216382552,TP1
2025-08-16 12:40:00+00:00,1001.0515630979902,STOP
2025-08-16 14:00:00+00:00,1001.0515630979902,
2025-08-16 18:10:00+00:00,1001.0515630979902,
2025-08-16 22:20:00+00:00,1001.0515630979902,
2025-08-17 02:30:00+00:00,1001.0515630979902,
2025-08-17 06:40:00+00:00,1001.0515630979902,
2025-08-17 10:50:00+00:00,1001.0515630979902,
2025-08-17 15:00:00+00:00,1001.0515630979902,
2025-08-17 19:10:00+00:00,1001.0515630979902,
2025-08-17 23:20:00+00:00,1001.0515630979902,
2025-08-18 03:30:00+00:00,1001.0515630979902,
2025-08-18 07:40:00+00:00,1001.0515630979902,
2025-08-18 11:50:00+00:00,1001.0515630979902,
2025-08-18 15:50:00+00:00,1001.1496510878278,TP1
2025-08-18 16:00:00+00:00,1001.1496510878278,
2025-08-18 17:30:00+00:00,1001.3317076083293,TP2
2025-08-18 20:10:00+00:00,1001.3317076083293,
2025-08-19 00:20:00+00:00,1001.3317076083293,
2025-08-19 01:00:00+00:00,1001.3895663487785,TP1
2025-08-19 01:30:00+00:00,1001.3761652225268,STOP
2025-08-19 04:30:00+00:00,1001.3761652225268,
2025-08-19 08:40:00+00:00,1001.3761652225268,
2025-08-19 12:50:00+00:00,1001.3761652225268,
2025-08-19 17:00:00+00:00,1001.3761652225268,
2025-08-19 21:10:00+00:00,1001.3761652225268,
2025-08-20 01:20:00+00:00,1001.3761652225268,
2025-08-20 05:30:00+00:00,1001.3761652225268,
2025-08-20 09:40:00+00:00,1001.3761652225268,
2025-08-20 13:50:00+00:00,1001.3761652225268,
2025-08-20 18:00:00+00:00,1001.3761652225268,
2025-08-20 19:20:00+00:00,1001.4193762113313,TP1
2025-08-20 19:35:00+00:00,1001.4108769288554,STOP
2025-08-20 22:10:00+00:00,1001.4108769288554,
2025-08-21 02:20:00+00:00,1001.4108769288554,
2025-08-21 06:30:00+00:00,1001.4108769288554,
2025-08-21 10:40:00+00:00,1001.4108769288554,
2025-08-21 14:50:00+00:00,1001.4108769288554,
2025-08-21 19:00:00+00:00,1001.4108769288554,
2025-08-21 23:10:00+00:00,1001.4108769288554,
2025-08-22 03:20:00+00:00,1001.4108769288554,
2025-08-22 07:30:00+00:00,1001.4108769288554,
2025-08-22 10:10:00+00:00,1001.2916462543756,STOP
2025-08-22 11:40:00+00:00,1001.2916462543756,
2025-08-22 15:50:00+00:00,1001.2916462543756,
2025-08-22 19:30:00+00:00,1001.248926122452,STOP
2025-08-22 20:00:00+00:00,1001.248926122452,
2025-08-23 00:10:00+00:00,1001.248926122452,
2025-08-23 04:20:00+00:00,1001.248926122452,
2025-08-23 08:30:00+00:00,1001.248926122452,
2025-08-23 12:40:00+00:00,1001.248926122452,
2025-08-23 16:50:00+00:00,1001.248926122452,
2025-08-23 21:00:00+00:00,1001.248926122452,
2025-08-24 01:10:00+00:00,1001.248926122452,
2025-08-24 05:20:00+00:00,1001.248926122452,
2025-08-24 09:30:00+00:00,1001.248926122452,
2025-08-24 13:40:00+00:00,1001.248926122452,
2025-08-24 17:50:00+00:00,1001.248926122452,
2025-08-24 22:00:00+00:00,1001.248926122452,
2025-08-25 02:10:00+00:00,1001.248926122452,
2025-08-25 06:20:00+00:00,1001.248926122452,
2025-08-25 10:30:00+00:00,1001.248926122452,
2025-08-25 14:40:00+00:00,1001.248926122452,
2025-08-25 18:50:00+00:00,1001.248926122452,
2025-08-25 23:00:00+00:00,1001.248926122452,
2025-08-26 03:10:00+00:00,1001.248926122452,
2025-08-26 07:20:00+00:00,1001.248926122452,
2025-08-26 11:30:00+00:00,1001.248926122452,
2025-08-26 14:25:00+00:00,1001.2662694746532,TP1
2025-08-26 15:15:00+00:00,1001.2908794787685,STOP
2025-08-26 15:40:00+00:00,1001.2908794787685,
2025-08-26 19:50:00+00:00,1001.2908794787685,
2025-08-27 00:00:00+00:00,1001.2908794787685,
2025-08-27 04:10:00+00:00,1001.2908794787685,
2025-08-27 06:00:00+00:00,1001.2409608829566,STOP
2025-08-27 08:20:00+00:00,1001.2409608829566,
2025-08-27 12:30:00+00:00,1001.2409608829566,
2025-08-27 13:40:00+00:00,1001.2917947048985,TP1
2025-08-27 13:40:00+00:00,1001.3426285268404,TP2
2025-08-27 16:40:00+00:00,1001.3426285268404,
2025-08-27 16:50:00+00:00,1001.3754925160321,TP1
2025-08-27 17:05:00+00:00,1001.3790875056546,STOP
2025-08-27 20:50:00+00:00,1001.3790875056546,
2025-08-28 01:00:00+00:00,1001.3790875056546,
2025-08-28 05:10:00+00:00,1001.3790875056546,
2025-08-28 09:20:00+00:00,1001.3790875056546,
2025-08-28 13:30:00+00:00,1001.3790875056546,
2025-08-28 14:35:00+00:00,1001.3832206671249,TP1
2025-08-28 14:45:00+00:00,1001.4063029566892,STOP
2025-08-28 17:40:00+00:00,1001.4063029566892,
2025-08-28 21:50:00+00:00,1001.4063029566892,
2025-08-29 02:00:00+00:00,1001.4063029566892,
2025-08-29 06:10:00+00:00,1001.4063029566892,
2025-08-29 10:20:00+00:00,1001.4063029566892,
2025-08-29 14:30:00+00:00,1001.4063029566892,
2025-08-29 18:40:00+00:00,1001.4063029566892,
2025-08-29 22:50:00+00:00,1001.4063029566892,
2025-08-30 03:00:00+00:00,1001.4063029566892,
2025-08-30 07:10:00+00:00,1001.4063029566892,
2025-08-30 11:20:00+00:00,1001.4063029566892,
2025-08-30 15:30:00+00:00,1001.4063029566892,
2025-08-30 19:40:00+00:00,1001.4063029566892,
2025-08-30 23:50:00+00:00,1001.4063029566892,
2025-08-31 04:00:00+00:00,1001.4063029566892,
2025-08-31 08:10:00+00:00,1001.4063029566892,
2025-08-31 12:20:00+00:00,1001.4063029566892,
2025-08-31 16:30:00+00:00,1001.4063029566892,
2025-08-31 16:40:00+00:00,1001.4317183183989,TP1
2025-08-31 17:30:00+00:00,1001.4699706728591,TP2
2025-08-31 20:40:00+00:00,1001.4699706728591,
2025-09-01 00:50:00+00:00,1001.4699706728591,
2025-09-01 05:00:00+00:00,1001.4699706728591,
2025-09-01 09:10:00+00:00,1001.4699706728591,
2025-09-01 12:30:00+00:00,1001.5190876373433,TP1
2025-09-01 13:15:00+00:00,1001.6063722934582,TP2
2025-09-01 13:20:00+00:00,1001.6063722934582,
2025-09-01 17:30:00+00:00,1001.6063722934582,
2025-09-01 21:40:00+00:00,1001.6063722934582,
2025-09-02 01:45:00+00:00,1001.653765719024,TP1
2025-09-02 01:50:00+00:00,1001.653765719024,
2025-09-02 02:50:00+00:00,1001.7394032490954,TP2
2025-09-02 06:00:00+00:00,1001.7394032490954,
2025-09-02 10:10:00+00:00,1001.7394032490954,
2025-09-02 14:20:00+00:00,1001.7394032490954,
2025-09-02 18:30:00+00:00,1001.7394032490954,
2025-09-02 22:40:00+00:00,1001.7394032490954,
2025-09-03 02:50:00+00:00,1001.7394032490954,
2025-09-03 07:00:00+00:00,1001.7394032490954,
2025-09-03 11:10:00+00:00,1001.7394032490954,
2025-09-03 15:20:00+00:00,1001.7394032490954,
2025-09-03 19:30:00+00:00,1001.7394032490954,
2025-09-03 23:40:00+00:00,1001.7394032490954,
2025-09-04 03:50:00+00:00,1001.7394032490954,
2025-09-04 08:00:00+00:00,1001.7394032490954,
2025-09-04 12:10:00+00:00,1001.7394032490954,
2025-09-04 16:20:00+00:00,1001.7394032490954,
2025-09-04 20:30:00+00:00,1001.7394032490954,
2025-09-05 00:40:00+00:00,1001.7394032490954,
2025-09-05 04:50:00+00:00,1001.7394032490954,
2025-09-05 09:00:00+00:00,1001.7394032490954,
2025-09-05 13:10:00+00:00,1001.7394032490954,
2025-09-05 17:20:00+00:00,1001.7394032490954,
2025-09-05 21:30:00+00:00,1001.7394032490954,
2025-09-06 01:40:00+00:00,1001.7394032490954,
2025-09-06 05:50:00+00:00,1001.7394032490954,
2025-09-06 08:55:00+00:00,1001.7479742400194,TP1
2025-09-06 09:00:00+00:00,1001.7291408395134,STOP
2025-09-06 10:00:00+00:00,1001.7291408395134,
2025-09-06 14:10:00+00:00,1001.7291408395134,
2025-09-06 18:20:00+00:00,1001.7291408395134,
2025-09-06 22:30:00+00:00,1001.7291408395134,
2025-09-07 02:40:00+00:00,1001.7291408395134,
2025-09-07 06:50:00+00:00,1001.7291408395134,
2025-09-07 07:25:00+00:00,1001.7493388242241,TP1
2025-09-07 07:25:00+00:00,1001.7695368089347,TP2
2025-09-07 11:00:00+00:00,1001.7695368089347,
2025-09-07 15:10:00+00:00,1001.7695368089347,
2025-09-07 19:20:00+00:00,1001.7695368089347,
2025-09-07 23:30:00+00:00,1001.7695368089347,
2025-09-08 03:40:00+00:00,1001.7695368089347,
2025-09-08 07:50:00+00:00,1001.7695368089347,
2025-09-08 12:00:00+00:00,1001.7695368089347,
2025-09-08 14:30:00+00:00,1001.8364363757871,TP1
2025-09-08 14:35:00+00:00,1001.9053357231536,TP2
2025-09-08 16:10:00+00:00,1001.9053357231536,
2025-09-08 20:20:00+00:00,1001.9053357231536,
2025-09-09 00:30:00+00:00,1001.9053357231536,
2025-09-09 04:40:00+00:00,1001.9053357231536,
2025-09-09 08:50:00+00:00,1001.9053357231536,
2025-09-09 13:00:00+00:00,1001.9053357231536,
2025-09-09 17:10:00+00:00,1001.9053357231536,
2025-09-09 21:20:00+00:00,1001.9053357231536,
2025-09-10 01:30:00+00:00,1001.9053357231536,
2025-09-10 05:40:00+00:00,1001.9053357231536,
2025-09-10 09:50:00+00:00,1001.9053357231536,
2025-09-10 14:00:00+00:00,1001.9053357231536,
2025-09-10 18:10:00+00:00,1001.9053357231536,
2025-09-10 22:20:00+00:00,1001.9053357231536,
2025-09-11 02:30:00+00:00,1001.9053357231536,
2025-09-11 03:40:00+00:00,1001.943380742693,TP1
2025-09-11 06:40:00+00:00,1001.943380742693,
2025-09-11 06:45:00+00:00,1002.0069138909627,TP2
2025-09-11 10:50:00+00:00,1002.0069138909627,
2025-09-11 15:00:00+00:00,1002.0069138909627,
2025-09-11 19:10:00+00:00,1002.0069138909627,
2025-09-11 22:20:00+00:00,1002.1218229572648,TP1
2025-09-11 23:20:00+00:00,1002.1218229572648,
2025-09-11 23:45:00+00:00,1002.291635093141,TP2
2025-09-12 03:30:00+00:00,1002.291635093141,
2025-09-12 06:35:00+00:00,1002.1908986028486,STOP
2025-09-12 07:40:00+00:00,1002.1908986028486,
2025-09-12 11:50:00+00:00,1002.1908986028486,
2025-09-12 16:00:00+00:00,1002.1908986028486,
2025-09-12 17:15:00+00:00,1002.2308148563321,TP1
2025-09-12 18:15:00+00:00,1002.3241902505943,TP2
2025-09-12 20:10:00+00:00,1002.3241902505943,
2025-09-13 00:20:00+00:00,1002.3241902505943,
2025-09-13 04:30:00+00:00,1002.3241902505943,
2025-09-13 08:40:00+00:00,1002.3241902505943,
2025-09-13 12:50:00+00:00,1002.3241902505943,
2025-09-13 16:20:00+00:00,1002.1968216015508,STOP
2025-09-13 17:00:00+00:00,1002.1968216015508,
2025-09-13 21:10:00+00:00,1002.1968216015508,
2025-09-14 01:20:00+00:00,1002.1968216015508,
2025-09-14 05:30:00+00:00,1002.1968216015508,
2025-09-14 09:40:00+00:00,1002.1968216015508,
2025-09-14 13:50:00+00:00,1002.1968216015508,
2025-09-14 18:00:00+00:00,1002.1968216015508,
2025-09-14 22:10:00+00:00,1002.1968216015508,
2025-09-15 02:20:00+00:00,1002.1968216015508,
2025-09-15 06:30:00+00:00,1002.1968216015508,
2025-09-15 10:40:00+00:00,1002.1968216015508,
2025-09-15 14:50:00+00:00,1002.1968216015508,
2025-09-15 19:00:00+00:00,1002.1968216015508,
2025-09-15 23:10:00+00:00,1002.1968216015508,
2025-09-16 03:20:00+00:00,1002.1968216015508,
2025-09-16 07:30:00+00:00,1002.1968216015508,
2025-09-16 11:40:00+00:00,1002.1968216015508,
2025-09-16 15:50:00+00:00,1002.1968216015508,
2025-09-16 20:00:00+00:00,1002.1968216015508,
2025-09-17 00:10:00+00:00,1002.1968216015508,
2025-09-17 03:25:00+00:00,1002.1587843135361,STOP
2025-09-17 04:20:00+00:00,1002.1587843135361,
2025-09-17 05:55:00+00:00,1002.2255434759811,TP1
2025-09-17 08:30:00+00:00,1002.2255434759811,
2025-09-17 09:45:00+00:00,1002.2171671734601,STOP
2025-09-17 12:40:00+00:00,1002.2171671734601,
2025-09-17 16:50:00+00:00,1002.2171671734601,
2025-09-17 21:00:00+00:00,1002.2171671734601,
2025-09-17 22:55:00+00:00,1002.2561900649871,TP1
2025-09-18 00:10:00+00:00,1002.2515400120741,STOP
2025-09-18 01:10:00+00:00,1002.2515400120741,
2025-09-18 05:20:00+00:00,1002.2515400120741,
2025-09-18 09:30:00+00:00,1002.2515400120741,
2025-09-18 13:40:00+00:00,1002.2515400120741,
2025-09-18 17:50:00+00:00,1002.2515400120741,
2025-09-18 22:00:00+00:00,1002.2515400120741,
2025-09-19 02:10:00+00:00,1002.1794720443286,STOP
2025-09-19 06:20:00+00:00,1002.1794720443286,
2025-09-19 10:30:00+00:00,1002.1794720443286,
2025-09-19 14:40:00+00:00,1002.1794720443286,
2025-09-19 18:50:00+00:00,1002.1794720443286,
2025-09-19 23:00:00+00:00,1002.1794720443286,
2025-09-20 03:10:00+00:00,1002.1794720443286,
2025-09-20 07:20:00+00:00,1002.1794720443286,
2025-09-20 11:30:00+00:00,1002.1794720443286,
2025-09-20 15:40:00+00:00,1002.1794720443286,
2025-09-20 19:50:00+00:00,1002.1794720443286,
2025-09-21 00:00:00+00:00,1002.1794720443286,
2025-09-21 04:10:00+00:00,1002.1794720443286,
2025-09-21 08:20:00+00:00,1002.1794720443286,
2025-09-21 12:30:00+00:00,1002.1794720443286,
2025-09-21 16:40:00+00:00,1002.1794720443286,
2025-09-21 20:50:00+00:00,1002.1794720443286,
2025-09-22 01:00:00+00:00,1002.1794720443286,
2025-09-22 05:10:00+00:00,1002.1794720443286,
2025-09-22 09:20:00+00:00,1002.1794720443286,
2025-09-22 13:30:00+00:00,1002.1794720443286,
2025-09-22 17:40:00+00:00,1002.1794720443286,
2025-09-22 21:50:00+00:00,1002.1794720443286,
2025-09-23 02:00:00+00:00,1002.1794720443286,
2025-09-23 06:10:00+00:00,1002.1794720443286,
2025-09-23 10:20:00+00:00,1002.1794720443286,
2025-09-23 14:30:00+00:00,1002.1794720443286,
2025-09-23 18:40:00+00:00,1002.1794720443286,
2025-09-23 22:50:00+00:00,1002.1794720443286,
2025-09-24 03:00:00+00:00,1002.1794720443286,
2025-09-24 07:10:00+00:00,1002.1794720443286,
2025-09-24 11:20:00+00:00,1002.1794720443286,
2025-09-24 15:30:00+00:00,1002.1794720443286,
2025-09-24 17:05:00+00:00,1002.2254156053393,TP1
2025-09-24 18:45:00+00:00,1002.2275882602851,STOP
2025-09-24 19:40:00+00:00,1002.2275882602851,
2025-09-24 23:50:00+00:00,1002.2275882602851,
2025-09-25 04:00:00+00:00,1002.2275882602851,
2025-09-25 08:10:00+00:00,1002.2275882602851,
2025-09-25 12:20:00+00:00,1002.2275882602851,
2025-09-25 16:30:00+00:00,1002.2275882602851,
2025-09-25 20:40:00+00:00,1002.2275882602851,
2025-09-26 00:50:00+00:00,1002.2275882602851,
2025-09-26 05:00:00+00:00,1002.2275882602851,
2025-09-26 09:10:00+00:00,1002.2275882602851,
2025-09-26 13:20:00+00:00,1002.2275882602851,
2025-09-26 17:30:00+00:00,1002.2275882602851,
2025-09-26 21:40:00+00:00,1002.2275882602851,
2025-09-27 01:50:00+00:00,1002.2275882602851,
2025-09-27 06:00:00+00:00,1002.2275882602851,
2025-09-27 06:35:00+00:00,1002.2066459328419,STOP
2025-09-27 10:10:00+00:00,1002.2066459328419,
2025-09-27 14:20:00+00:00,1002.2066459328419,
2025-09-27 18:30:00+00:00,1002.2066459328419,
2025-09-27 19:45:00+00:00,1002.2070108821421,TP1
2025-09-27 20:00:00+00:00,1002.2091439181053,TP2
2025-09-27 21:15:00+00:00,1002.2088561512162,TP1
2025-09-27 21:15:00+00:00,1002.2085683843271,TP2
2025-09-27 22:40:00+00:00,1002.2085683843271,
2025-09-28 02:50:00+00:00,1002.2085683843271,
2025-09-28 07:00:00+00:00,1002.2085683843271,
2025-09-28 09:15:00+00:00,1002.177925283044,STOP
2025-09-28 10:35:00+00:00,1002.1561925086361,STOP
2025-09-28 11:10:00+00:00,1002.1561925086361,
2025-09-28 15:20:00+00:00,1002.1561925086361,
2025-09-28 19:30:00+00:00,1002.1561925086361,
2025-09-28 23:40:00+00:00,1002.1561925086361,
2025-09-29 03:50:00+00:00,1002.1561925086361,
2025-09-29 08:00:00+00:00,1002.1561925086361,
2025-09-29 12:10:00+00:00,1002.1561925086361,
2025-09-29 16:20:00+00:00,1002.1561925086361,
2025-09-29 20:30:00+00:00,1002.1561925086361,
2025-09-30 00:40:00+00:00,1002.1561925086361,
2025-09-30 04:25:00+00:00,1002.0421950229144,STOP
2025-09-30 04:50:00+00:00,1002.0421950229144,
2025-09-30 09:00:00+00:00,1002.0421950229144,
2025-09-30 13:10:00+00:00,1002.0421950229144,
2025-09-30 17:20:00+00:00,1002.0421950229144,
2025-09-30 21:30:00+00:00,1002.0421950229144,
2025-10-01 01:40:00+00:00,1002.0421950229144,
2025-10-01 05:50:00+00:00,1002.0421950229144,
2025-10-01 10:00:00+00:00,1002.0421950229144,
2025-10-01 14:10:00+00:00,1002.0421950229144,
2025-10-01 18:20:00+00:00,1002.0421950229144,
2025-10-01 22:30:00+00:00,1002.0421950229144,
2025-10-02 02:40:00+00:00,1002.0421950229144,
2025-10-02 06:50:00+00:00,1002.0421950229144,
2025-10-02 11:00:00+00:00,1002.0421950229144,
2025-10-02 15:10:00+00:00,1002.0421950229144,
2025-10-02 19:20:00+00:00,1002.0421950229144,
2025-10-02 23:30:00+00:00,1002.0421950229144,
2025-10-03 03:40:00+00:00,1002.0421950229144,
2025-10-03 07:50:00+00:00,1002.0421950229144,
2025-10-03 12:00:00+00:00,1002.0421950229144,
2025-10-03 16:10:00+00:00,1002.0421950229144,
2025-10-03 20:20:00+00:00,1002.0421950229144,
2025-10-04 00:30:00+00:00,1002.0421950229144,
2025-10-04 04:40:00+00:00,1002.0421950229144,
2025-10-04 08:50:00+00:00,1002.0421950229144,
2025-10-04 13:00:00+00:00,1002.0421950229144,
2025-10-04 17:10:00+00:00,1002.0421950229144,
2025-10-04 21:20:00+00:00,1002.0421950229144,
2025-10-05 01:30:00+00:00,1002.0421950229144,
2025-10-05 05:40:00+00:00,1002.0421950229144,
2025-10-05 09:50:00+00:00,1002.0421950229144,
2025-10-05 14:00:00+00:00,1002.0421950229144,
2025-10-05 18:10:00+00:00,1002.0421950229144,
2025-10-05 22:20:00+00:00,1002.0421950229144,
2025-10-06 02:30:00+00:00,1002.0421950229144,
2025-10-06 06:40:00+00:00,1002.0421950229144,
2025-10-06 10:50:00+00:00,1002.0421950229144,
2025-10-06 15:00:00+00:00,1002.0421950229144,
2025-10-06 19:10:00+00:00,1002.0421950229144,
2025-10-06 23:20:00+00:00,1002.0421950229144,
2025-10-07 03:30:00+00:00,1002.0421950229144,
2025-10-07 07:40:00+00:00,1002.0421950229144,
2025-10-07 11:50:00+00:00,1002.0421950229144,
2025-10-07 16:00:00+00:00,1002.0421950229144,
2025-10-07 20:10:00+00:00,1002.0421950229144,
2025-10-08 00:20:00+00:00,1002.0421950229144,
2025-10-08 04:30:00+00:00,1002.0421950229144,
2025-10-08 08:40:00+00:00,1002.0421950229144,
2025-10-08 12:50:00+00:00,1002.0421950229144,
2025-10-08 17:00:00+00:00,1002.0421950229144,
2025-10-08 21:10:00+00:00,1002.0421950229144,
2025-10-09 01:20:00+00:00,1002.0421950229144,
2025-10-09 05:30:00+00:00,1002.0421950229144,
2025-10-09 09:40:00+00:00,1002.0421950229144,
2025-10-09 13:50:00+00:00,1002.0421950229144,
2025-10-09 18:00:00+00:00,1002.0421950229144,
2025-10-09 22:10:00+00:00,1002.0421950229144,
2025-10-10 02:20:00+00:00,1002.0421950229144,
2025-10-10 06:30:00+00:00,1002.0421950229144,
2025-10-10 10:40:00+00:00,1002.0421950229144,
2025-10-10 10:50:00+00:00,1002.0529751813782,TP1
2025-10-10 11:00:00+00:00,1002.0797780072841,TP2
2025-10-10 14:50:00+00:00,1002.0797780072841,
2025-10-10 19:00:00+00:00,1002.0797780072841,
2025-10-10 23:10:00+00:00,1002.0797780072841,
2025-10-11 03:20:00+00:00,1002.0797780072841,
2025-10-11 07:30:00+00:00,1002.0797780072841,
2025-10-11 11:40:00+00:00,1002.0797780072841,
2025-10-11 15:50:00+00:00,1002.0797780072841,
2025-10-11 20:00:00+00:00,1002.0797780072841,
2025-10-12 00:10:00+00:00,1002.0797780072841,
2025-10-12 04:20:00+00:00,1002.0797780072841,
2025-10-12 08:30:00+00:00,1002.0797780072841,
2025-10-12 12:40:00+00:00,1002.0797780072841,
2025-10-12 13:45:00+00:00,1002.0599617067808,STOP
2025-10-12 16:50:00+00:00,1002.0599617067808,
2025-10-12 20:00:00+00:00,1002.1215683712433,TP1
2025-10-12 20:25:00+00:00,1002.2631426391295,TP2
2025-10-12 21:00:00+00:00,1002.2631426391295,
2025-10-13 01:10:00+00:00,1002.2631426391295,
2025-10-13 05:20:00+00:00,1002.2631426391295,
2025-10-13 09:30:00+00:00,1002.2631426391295,
2025-10-13 11:05:00+00:00,1002.0826482555716,STOP
2025-10-13 13:40:00+00:00,1002.0826482555716,
2025-10-13 14:30:00+00:00,1001.8265862441973,STOP
2025-10-13 17:50:00+00:00,1001.8265862441973,
2025-10-13 22:00:00+00:00,1001.8265862441973,
2025-10-14 02:10:00+00:00,1001.8265862441973,
2025-10-14 06:20:00+00:00,1001.8265862441973,
2025-10-14 10:30:00+00:00,1001.8265862441973,
2025-10-14 14:40:00+00:00,1001.8265862441973,
2025-10-14 18:50:00+00:00,1001.8265862441973,
2025-10-14 19:15:00+00:00,1001.8548071213664,TP1
2025-10-14 19:35:00+00:00,1001.7921132077909,STOP
2025-10-14 23:00:00+00:00,1001.7921132077909,
2025-10-14 23:05:00+00:00,1001.8246297726481,TP1
2025-10-14 23:50:00+00:00,1001.8125852726168,STOP
2025-10-15 03:10:00+00:00,1001.8125852726168,
2025-10-15 07:20:00+00:00,1001.8125852726168,
2025-10-15 08:15:00+00:00,1001.8716819248934,TP1
2025-10-15 08:30:00+00:00,1001.976088757621,TP2
2025-10-15 11:30:00+00:00,1001.976088757621,
2025-10-15 15:40:00+00:00,1001.976088757621,
2025-10-15 19:50:00+00:00,1001.976088757621,
2025-10-16 00:00:00+00:00,1001.976088757621,
2025-10-16 04:10:00+00:00,1001.976088757621,
2025-10-16 08:20:00+00:00,1001.976088757621,
2025-10-16 12:30:00+00:00,1001.976088757621,
2025-10-16 16:40:00+00:00,1001.976088757621,
2025-10-16 20:50:00+00:00,1001.976088757621,
2025-10-17 01:00:00+00:00,1001.976088757621,
2025-10-17 05:10:00+00:00,1001.976088757621,
2025-10-17 09:20:00+00:00,1001.976088757621,
2025-10-17 13:30:00+00:00,1001.976088757621,
2025-10-17 17:40:00+00:00,1001.976088757621,
2025-10-17 21:50:00+00:00,1001.976088757621,
2025-10-18 02:00:00+00:00,1001.976088757621,
2025-10-18 04:40:00+00:00,1001.8531097773238,STOP
2025-10-18 06:10:00+00:00,1001.8531097773238,
2025-10-18 10:20:00+00:00,1001.8531097773238,
2025-10-18 10:30:00+00:00,1001.8851960745756,TP1
2025-10-18 10:55:00+00:00,1001.8901204435818,STOP
2025-10-18 14:30:00+00:00,1001.8901204435818,
2025-10-18 14:35:00+00:00,1001.9073063403702,TP1
2025-10-18 14:40:00+00:00,1001.8986390497766,STOP
2025-10-18 18:40:00+00:00,1001.8986390497766,
2025-10-18 22:50:00+00:00,1001.8986390497766,
2025-10-19 03:00:00+00:00,1001.8986390497766,
2025-10-19 05:45:00+00:00,1001.847343879424,STOP
2025-10-19 07:10:00+00:00,1001.847343879424,
2025-10-19 11:20:00+00:00,1001.847343879424,
2025-10-19 15:30:00+00:00,1001.847343879424,
2025-10-19 19:35:00+00:00,1001.7672738627473,STOP
2025-10-19 19:40:00+00:00,1001.7672738627473,
2025-10-19 23:50:00+00:00,1001.7672738627473,
2025-10-20 04:00:00+00:00,1001.7672738627473,
2025-10-20 08:10:00+00:00,1001.7672738627473,
2025-10-20 09:15:00+00:00,1001.6579582793454,STOP
2025-10-20 12:20:00+00:00,1001.6579582793454,
2025-10-20 16:30:00+00:00,1001.6579582793454,
2025-10-20 20:40:00+00:00,1001.6579582793454,
2025-10-21 00:50:00+00:00,1001.6579582793454,
2025-10-21 05:00:00+00:00,1001.6579582793454,
2025-10-21 09:10:00+00:00,1001.6579582793454,
2025-10-21 13:20:00+00:00,1001.6579582793454,
2025-10-21 17:30:00+00:00,1001.6579582793454,
2025-10-21 21:40:00+00:00,1001.6579582793454,
2025-10-22 01:50:00+00:00,1001.6579582793454,
2025-10-22 06:00:00+00:00,1001.6579582793454,
2025-10-22 10:10:00+00:00,1001.6579582793454,
2025-10-22 14:20:00+00:00,1001.6579582793454,
2025-10-22 16:40:00+00:00,1001.6491521991171,TP1
2025-10-22 16:45:00+00:00,1001.6250201157156,STOP
2025-10-22 18:30:00+00:00,1001.6250201157156,
2025-10-22 22:40:00+00:00,1001.6250201157156,
2025-10-23 02:50:00+00:00,1001.6250201157156,
2025-10-23 07:00:00+00:00,1001.6250201157156,
2025-10-23 09:10:00+00:00,1001.4749132677844,STOP
2025-10-23 11:10:00+00:00,1001.4749132677844,
2025-10-23 15:20:00+00:00,1001.4749132677844,
2025-10-23 19:30:00+00:00,1001.4749132677844,
2025-10-23 23:40:00+00:00,1001.4749132677844,
2025-10-24 03:50:00+00:00,1001.4749132677844,
2025-10-24 08:00:00+00:00,1001.4749132677844,
2025-10-24 08:35:00+00:00,1001.4764175274742,TP1
2025-10-24 08:40:00+00:00,1001.484770014008,STOP
2025-10-24 12:10:00+00:00,1001.484770014008,
2025-10-24 16:20:00+00:00,1001.484770014008,
2025-10-24 20:30:00+00:00,1001.484770014008,
2025-10-25 00:40:00+00:00,1001.484770014008,
2025-10-25 04:50:00+00:00,1001.484770014008,
2025-10-25 09:00:00+00:00,1001.484770014008,
2025-10-25 13:10:00+00:00,1001.484770014008,
2025-10-25 17:20:00+00:00,1001.484770014008,
2025-10-25 21:30:00+00:00,1001.484770014008,
2025-10-26 01:40:00+00:00,1001.484770014008,
2025-10-26 05:50:00+00:00,1001.484770014008,
2025-10-26 06:20:00+00:00,1001.4874806555072,TP1
2025-10-26 06:30:00+00:00,1001.4908993553075,TP2
2025-10-26 10:00:00+00:00,1001.4908993553075,
2025-10-26 14:10:00+00:00,1001.4908993553075,
2025-10-26 18:20:00+00:00,1001.4908993553075,
2025-10-26 22:30:00+00:00,1001.4908993553075,
2025-10-27 02:40:00+00:00,1001.4908993553075,
2025-10-27 06:50:00+00:00,1001.4908993553075,
2025-10-27 11:00:00+00:00,1001.4908993553075,
2025-10-27 15:10:00+00:00,1001.4908993553075,
2025-10-27 19:20:00+00:00,1001.4908993553075,
2025-10-27 23:30:00+00:00,1001.4908993553075,
2025-10-28 03:40:00+00:00,1001.4908993553075,
2025-10-28 07:50:00+00:00,1001.4908993553075,
2025-10-28 12:00:00+00:00,1001.4908993553075,
2025-10-28 16:10:00+00:00,1001.4908993553075,
2025-10-28 20:20:00+00:00,1001.4908993553075,
2025-10-29 00:30:00+00:00,1001.4908993553075,
2025-10-29 04:40:00+00:00,1001.4908993553075,
2025-10-29 08:50:00+00:00,1001.4908993553075,
2025-10-29 13:00:00+00:00,1001.4908993553075,
2025-10-29 17:10:00+00:00,1001.4908993553075,
2025-10-29 21:20:00+00:00,1001.4908993553075,
2025-10-30 01:30:00+00:00,1001.4908993553075,
2025-10-30 05:40:00+00:00,1001.4908993553075,
2025-10-30 09:50:00+00:00,1001.4908993553075,
2025-10-30 14:00:00+00:00,1001.4908993553075,
2025-10-30 18:10:00+00:00,1001.4908993553075,
2025-10-30 22:20:00+00:00,1001.4908993553075,
2025-10-31 02:30:00+00:00,1001.4908993553075,
2025-10-31 06:40:00+00:00,1001.4908993553075,
2025-10-31 10:50:00+00:00,1001.4908993553075,
2025-10-31 15:00:00+00:00,1001.4908993553075,
2025-10-31 19:10:00+00:00,1001.4908993553075,
2025-10-31 23:20:00+00:00,1001.4908993553075,
2025-11-01 03:30:00+00:00,1001.4908993553075,
2025-11-01 07:40:00+00:00,1001.4908993553075,
2025-11-01 11:50:00+00:00,1001.4908993553075,
2025-11-01 16:00:00+00:00,1001.4908993553075,
2025-11-01 20:10:00+00:00,1001.4908993553075,
2025-11-02 00:20:00+00:00,1001.4908993553075,
2025-11-02 04:30:00+00:00,1001.4908993553075,
2025-11-02 08:40:00+00:00,1001.4908993553075,
2025-11-02 12:50:00+00:00,1001.4908993553075,
2025-11-02 17:00:00+00:00,1001.4908993553075,
2025-11-02 21:10:00+00:00,1001.4908993553075,
2025-11-03 01:20:00+00:00,1001.4908993553075,
2025-11-03 05:30:00+00:00,1001.4908993553075,
2025-11-03 09:40:00+00:00,1001.4908993553075,
2025-11-03 13:50:00+00:00,1001.4908993553075,
2025-11-03 18:00:00+00:00,1001.4908993553075,
2025-11-03 22:10:00+00:00,1001.4908993553075,
2025-11-04 02:20:00+00:00,1001.4908993553075,
2025-11-04 06:30:00+00:00,1001.4908993553075,
2025-11-04 10:40:00+00:00,1001.4908993553075,
2025-11-04 14:50:00+00:00,1001.4908993553075,
2025-11-04 19:00:00+00:00,1001.4908993553075,
2025-11-04 23:10:00+00:00,1001.4908993553075,
2025-11-05 03:20:00+00:00,1001.4908993553075,
2025-11-05 07:30:00+00:00,1001.4908993553075,
2025-11-05 11:40:00+00:00,1001.4908993553075,
2025-11-05 15:50:00+00:00,1001.4908993553075,
2025-11-05 20:00:00+00:00,1001.4908993553075,
2025-11-06 00:10:00+00:00,1001.4908993553075,
2025-11-06 03:15:00+00:00,1001.5698254772263,TP1
2025-11-06 04:20:00+00:00,1001.5698254772263,
2025-11-06 04:45:00+00:00,1001.6817663530766,TP2
2025-11-06 08:30:00+00:00,1001.6817663530766,
2025-11-06 12:40:00+00:00,1001.6817663530766,
2025-11-06 16:50:00+00:00,1001.6817663530766,
2025-11-06 21:00:00+00:00,1001.6817663530766,
2025-11-07 01:10:00+00:00,1001.6817663530766,
2025-11-07 05:20:00+00:00,1001.6817663530766,
2025-11-07 07:50:00+00:00,1001.7089262995091,TP1
2025-11-07 08:20:00+00:00,1001.7068717456405,STOP
2025-11-07 09:30:00+00:00,1001.7068717456405,
2025-11-07 13:40:00+00:00,1001.7068717456405,
2025-11-07 17:50:00+00:00,1001.7068717456405,
2025-11-07 22:00:00+00:00,1001.7068717456405,
2025-11-07 23:55:00+00:00,1001.6586542543141,STOP
2025-11-08 02:10:00+00:00,1001.6586542543141,
2025-11-08 04:30:00+00:00,1001.5076788508392,STOP
2025-11-08 06:20:00+00:00,1001.5076788508392,
2025-11-08 10:30:00+00:00,1001.5076788508392,
2025-11-08 14:40:00+00:00,1001.5076788508392,
2025-11-08 18:50:00+00:00,1001.5076788508392,
2025-11-08 23:00:00+00:00,1001.5076788508392,
2025-11-08 23:25:00+00:00,1001.5174945410807,TP1
2025-11-08 23:35:00+00:00,1001.5077157357341,STOP
2025-11-09 03:10:00+00:00,1001.5077157357341,
2025-11-09 07:20:00+00:00,1001.5077157357341,
2025-11-09 11:30:00+00:00,1001.5077157357341,
2025-11-09 15:40:00+00:00,1001.5077157357341,
2025-11-09 19:50:00+00:00,1001.5077157357341,
2025-11-10 00:00:00+00:00,1001.5077157357341,
2025-11-10 04:10:00+00:00,1001.5077157357341,
2025-11-10 08:20:00+00:00,1001.5077157357341,
2025-11-10 12:30:00+00:00,1001.5077157357341,
2025-11-10 16:40:00+00:00,1001.5077157357341,
2025-11-10 20:50:00+00:00,1001.5077157357341,
2025-11-11 01:00:00+00:00,1001.5077157357341,
2025-11-11 05:10:00+00:00,1001.5077157357341,
2025-11-11 09:20:00+00:00,1001.5077157357341,
2025-11-11 13:30:00+00:00,1001.5077157357341,
2025-11-11 17:40:00+00:00,1001.5077157357341,
2025-11-11 21:50:00+00:00,1001.5077157357341,
2025-11-12 02:00:00+00:00,1001.5077157357341,
2025-11-12 06:10:00+00:00,1001.5077157357341,
2025-11-12 10:20:00+00:00,1001.5077157357341,
2025-11-12 11:50:00+00:00,1001.5092199407521,TP1
2025-11-12 11:55:00+00:00,1001.5096481018019,STOP
2025-11-12 14:30:00+00:00,1001.5096481018019,
2025-11-12 18:40:00+00:00,1001.5096481018019,
2025-11-12 22:50:00+00:00,1001.5096481018019,
2025-11-13 03:00:00+00:00,1001.5096481018019,
2025-11-13 07:10:00+00:00,1001.5096481018019,
2025-11-13 11:20:00+00:00,1001.5096481018019,
2025-11-13 15:30:00+00:00,1001.5096481018019,
2025-11-13 19:40:00+00:00,1001.5096481018019,
2025-11-13 23:50:00+00:00,1001.5096481018019,
2025-11-14 04:00:00+00:00,1001.5096481018019,
2025-11-14 08:10:00+00:00,1001.5096481018019,
2025-11-14 12:20:00+00:00,1001.5096481018019,
2025-11-14 16:30:00+00:00,1001.5096481018019,
2025-11-14 20:40:00+00:00,1001.5096481018019,
2025-11-15 00:50:00+00:00,1001.5096481018019,
2025-11-15 01:35:00+00:00,1001.5558138298367,TP1
2025-11-15 01:55:00+00:00,1001.6501506383801,TP2
2025-11-15 05:00:00+00:00,1001.6501506383801,
2025-11-15 08:20:00+00:00,1001.5202677389422,STOP
2025-11-15 09:10:00+00:00,1001.5202677389422,
2025-11-15 13:20:00+00:00,1001.5202677389422,
2025-11-15 17:20:00+00:00,1001.5217747042276,TP1
2025-11-15 17:20:00+00:00,1001.523281669513,TP2
2025-11-15 17:30:00+00:00,1001.523281669513,
2025-11-15 21:40:00+00:00,1001.523281669513,
2025-11-16 01:50:00+00:00,1001.523281669513,
2025-11-16 06:00:00+00:00,1001.523281669513,
2025-11-16 10:10:00+00:00,1001.523281669513,
2025-11-16 14:20:00+00:00,1001.523281669513,
2025-11-16 18:30:00+00:00,1001.523281669513,
2025-11-16 22:40:00+00:00,1001.523281669513,
2025-11-17 00:25:00+00:00,1001.5410101554156,TP1
2025-11-17 00:30:00+00:00,1001.548663106843,STOP
2025-11-17 02:50:00+00:00,1001.548663106843,
2025-11-17 07:00:00+00:00,1001.548663106843,
2025-11-17 07:05:00+00:00,1001.5954600155462,TP1
2025-11-17 07:20:00+00:00,1001.6666682592944,TP2
2025-11-17 11:10:00+00:00,1001.6666682592944,
2025-11-17 15:20:00+00:00,1001.6666682592944,
2025-11-17 19:30:00+00:00,1001.6666682592944,
2025-11-17 23:40:00+00:00,1001.6666682592944,
2025-11-18 03:50:00+00:00,1001.6666682592944,
2025-11-18 08:00:00+00:00,1001.6666682592944,
2025-11-18 12:10:00+00:00,1001.6666682592944,
2025-11-18 16:20:00+00:00,1001.6666682592944,
2025-11-18 20:30:00+00:00,1001.6666682592944,
2025-11-19 00:40:00+00:00,1001.6666682592944,
2025-11-19 04:50:00+00:00,1001.6666682592944,
2025-11-19 09:00:00+00:00,1001.6666682592944,
2025-11-19 12:50:00+00:00,1001.7034971169103,TP1
2025-11-19 13:10:00+00:00,1001.7034971169103,
2025-11-19 13:35:00+00:00,1001.6818334207799,STOP
2025-11-19 15:15:00+00:00,1001.7740912579063,TP1
2025-11-19 15:20:00+00:00,1001.7569118111578,STOP
2025-11-19 17:20:00+00:00,1001.7569118111578,
2025-11-19 21:30:00+00:00,1001.7569118111578,
2025-11-20 00:25:00+00:00,1001.781557938911,TP1
2025-11-20 00:35:00+00:00,1001.8455110317949,TP2
2025-11-20 01:40:00+00:00,1001.8455110317949,
2025-11-20 04:50:00+00:00,1001.9073739225182,TP1
2025-11-20 04:55:00+00:00,1002.0186349500934,TP2
2025-11-20 05:50:00+00:00,1002.0186349500934,
2025-11-20 10:00:00+00:00,1002.0186349500934,
2025-11-20 14:10:00+00:00,1002.0186349500934,
2025-11-20 18:20:00+00:00,1002.0186349500934,
2025-11-20 22:30:00+00:00,1002.0186349500934,
2025-11-21 02:40:00+00:00,1002.0186349500934,
2025-11-21 06:50:00+00:00,1002.0186349500934,
2025-11-21 11:00:00+00:00,1002.0186349500934,
2025-11-21 15:10:00+00:00,1002.0186349500934,
2025-11-21 19:20:00+00:00,1002.0186349500934,
2025-11-21 23:30:00+00:00,1002.0186349500934,
2025-11-22 02:30:00+00:00,1001.8289837924405,STOP
2025-11-22 03:40:00+00:00,1001.8289837924405,
2025-11-22 07:50:00+00:00,1001.8289837924405,
2025-11-22 08:30:00+00:00,1001.559054627691,STOP
2025-11-22 12:00:00+00:00,1001.559054627691,
2025-11-22 16:10:00+00:00,1001.559054627691,
2025-11-22 20:20:00+00:00,1001.559054627691,
2025-11-23 00:30:00+00:00,1001.559054627691,
2025-11-23 04:40:00+00:00,1001.559054627691,
2025-11-23 06:50:00+00:00,1001.4033365485352,STOP
2025-11-23 08:50:00+00:00,1001.4033365485352,
2025-11-23 13:00:00+00:00,1001.4033365485352,
2025-11-23 13:45:00+00:00,1001.4380195105307,TP1
2025-11-23 14:00:00+00:00,1001.5208722490177,TP2
2025-11-23 15:55:00+00:00,1001.5890314270808,TP1
2025-11-23 16:05:00+00:00,1001.6849276445919,TP2
2025-11-23 17:10:00+00:00,1001.6849276445919,
2025-11-23 19:20:00+00:00,1001.8008582800295,TP1
2025-11-23 21:20:00+00:00,1001.8008582800295,
2025-11-23 21:50:00+00:00,1001.9835395659145,TP2
2025-11-24 01:30:00+00:00,1001.9835395659145,
2025-11-24 01:50:00+00:00,1001.9850476141778,TP1
2025-11-24 01:55:00+00:00,1002.0130655045032,STOP
2025-11-24 05:40:00+00:00,1002.0130655045032,
2025-11-24 07:00:00+00:00,1001.9162596544675,STOP
2025-11-24 09:50:00+00:00,1001.9162596544675,
2025-11-24 14:00:00+00:00,1001.9162596544675,
2025-11-24 18:10:00+00:00,1001.9162596544675,
2025-11-24 22:20:00+00:00,1001.9162596544675,
2025-11-25 02:30:00+00:00,1001.9162596544675,
2025-11-25 06:40:00+00:00,1001.9042472751639,STOP
2025-11-25 10:50:00+00:00,1001.9042472751639,
2025-11-25 15:00:00+00:00,1001.9042472751639,
2025-11-25 19:10:00+00:00,1001.9042472751639,
2025-11-25 23:20:00+00:00,1001.9042472751639,
2025-11-26 01:05:00+00:00,1001.8160978138903,STOP
2025-11-26 01:30:00+00:00,1001.8730260036464,TP1
2025-11-26 01:40:00+00:00,1001.9715176377675,TP2
2025-11-26 03:30:00+00:00,1001.8212909086088,STOP
2025-11-26 07:40:00+00:00,1001.8212909086088,
2025-11-26 11:50:00+00:00,1001.8212909086088,
2025-11-26 16:00:00+00:00,1001.8212909086088,
2025-11-26 20:10:00+00:00,1001.8212909086088,
2025-11-27 00:20:00+00:00,1001.8212909086088,
2025-11-27 04:30:00+00:00,1001.8212909086088,
2025-11-27 08:40:00+00:00,1001.8212909086088,
2025-11-27 11:30:00+00:00,1001.7435331247319,STOP
2025-11-27 12:50:00+00:00,1001.7435331247319,
2025-11-27 17:00:00+00:00,1001.7435331247319,
2025-11-27 21:10:00+00:00,1001.7435331247319,
2025-11-28 01:20:00+00:00,1001.7435331247319,
2025-11-28 05:30:00+00:00,1001.7435331247319,
2025-11-28 09:40:00+00:00,1001.7435331247319,
2025-11-28 13:50:00+00:00,1001.7435331247319,
2025-11-28 18:00:00+00:00,1001.7435331247319,
2025-11-28 22:10:00+00:00,1001.7435331247319,
2025-11-29 02:20:00+00:00,1001.7435331247319,
2025-11-29 06:30:00+00:00,1001.7435331247319,
2025-11-29 10:40:00+00:00,1001.7435331247319,
2025-11-29 14:50:00+00:00,1001.7435331247319,
2025-11-29 19:00:00+00:00,1001.7435331247319,
2025-11-29 23:10:00+00:00,1001.7435331247319,
2025-11-30 03:20:00+00:00,1001.7435331247319,
2025-11-30 07:30:00+00:00,1001.7435331247319,
2025-11-30 11:40:00+00:00,1001.7435331247319,
2025-11-30 15:50:00+00:00,1001.7435331247319,
2025-11-30 20:00:00+00:00,1001.7435331247319,
2025-12-01 00:10:00+00:00,1001.7435331247319,
2025-12-01 04:20:00+00:00,1001.7435331247319,
2025-12-01 08:30:00+00:00,1001.7435331247319,
2025-12-01 12:40:00+00:00,1001.7435331247319,
2025-12-01 16:50:00+00:00,1001.7435331247319,
2025-12-01 21:00:00+00:00,1001.7435331247319,
2025-12-02 00:05:00+00:00,1001.7450374298023,TP1
2025-12-02 00:10:00+00:00,1001.7115004063378,STOP
2025-12-02 01:10:00+00:00,1001.7115004063378,
2025-12-02 05:20:00+00:00,1001.7115004063378,
2025-12-02 09:30:00+00:00,1001.7115004063378,
2025-12-02 13:40:00+00:00,1001.7115004063378,
2025-12-02 17:50:00+00:00,1001.7115004063378,
2025-12-02 22:00:00+00:00,1001.7829022835535,TP1
2025-12-02 22:00:00+00:00,1001.7829022835535,
2025-12-02 23:35:00+00:00,1001.7761643951143,STOP
2025-12-03 02:10:00+00:00,1001.7761643951143,
2025-12-03 06:20:00+00:00,1001.7761643951143,
2025-12-03 10:30:00+00:00,1001.7761643951143,
2025-12-03 14:40:00+00:00,1001.7761643951143,
2025-12-03 18:00:00+00:00,1001.9247050142422,TP1
2025-12-03 18:50:00+00:00,1001.9247050142422,
2025-12-03 21:55:00+00:00,1002.1671267027408,TP2
2025-12-03 23:00:00+00:00,1002.1671267027408,
2025-12-04 00:00:00+00:00,1002.0845527829565,STOP
2025-12-04 03:10:00+00:00,1002.0845527829565,
2025-12-04 04:00:00+00:00,1002.0146223178624,STOP
2025-12-04 07:20:00+00:00,1002.0146223178624,
2025-12-04 11:30:00+00:00,1001.8200187148768,STOP
2025-12-04 15:40:00+00:00,1001.8200187148768,
2025-12-04 19:50:00+00:00,1001.8200187148768,
2025-12-05 00:00:00+00:00,1001.8200187148768,
2025-12-05 04:10:00+00:00,1001.8200187148768,
2025-12-05 08:20:00+00:00,1001.8200187148768,
2025-12-05 12:30:00+00:00,1001.8200187148768,
2025-12-05 16:40:00+00:00,1001.8200187148768,
2025-12-05 20:50:00+00:00,1001.8200187148768,
2025-12-06 01:00:00+00:00,1001.8200187148768,
2025-12-06 05:10:00+00:00,1001.8200187148768,
2025-12-06 09:20:00+00:00,1001.8200187148768,
2025-12-06 13:30:00+00:00,1001.8200187148768,
2025-12-06 17:40:00+00:00,1001.8200187148768,
2025-12-06 21:50:00+00:00,1001.8200187148768,
2025-12-07 02:00:00+00:00,1001.8200187148768,
2025-12-07 02:50:00+00:00,1001.8429916065587,TP1
2025-12-07 02:55:00+00:00,1001.8659644982406,TP2
2025-12-07 06:10:00+00:00,1001.8659644982406,
2025-12-07 10:20:00+00:00,1001.8659644982406,
2025-12-07 14:30:00+00:00,1001.8659644982406,
2025-12-07 18:40:00+00:00,1001.8659644982406,
2025-12-07 22:50:00+00:00,1001.8659644982406,
2025-12-08 03:00:00+00:00,1001.8659644982406,
2025-12-08 07:10:00+00:00,1001.8659644982406,
2025-12-08 11:20:00+00:00,1001.8659644982406,
2025-12-08 15:30:00+00:00,1001.8659644982406,
2025-12-08 19:40:00+00:00,1001.8659644982406,
2025-12-08 23:50:00+00:00,1001.8659644982406,
2025-12-09 04:00:00+00:00,1001.8659644982406,
2025-12-09 08:10:00+00:00,1001.8659644982406,
2025-12-09 12:20:00+00:00,1001.8659644982406,
2025-12-09 15:00:00+00:00,1001.9575292842527,TP1
2025-12-09 15:00:00+00:00,1002.0490940702648,TP2
2025-12-09 16:30:00+00:00,1002.0490940702648,
2025-12-09 20:40:00+00:00,1002.0490940702648,
2025-12-10 00:50:00+00:00,1002.0490940702648,
2025-12-10 05:00:00+00:00,1002.0490940702648,
2025-12-10 09:10:00+00:00,1002.0490940702648,
2025-12-10 09:45:00+00:00,1002.0997576564681,TP1
2025-12-10 09:45:00+00:00,1002.1504212426714,TP2
2025-12-10 13:20:00+00:00,1002.1504212426714,
2025-12-10 17:30:00+00:00,1002.1504212426714,
2025-12-10 21:40:00+00:00,1002.1504212426714,
2025-12-11 01:50:00+00:00,1002.1504212426714,
2025-12-11 06:00:00+00:00,1002.1504212426714,
2025-12-11 10:10:00+00:00,1002.1504212426714,
2025-12-11 14:20:00+00:00,1002.1504212426714,
2025-12-11 18:30:00+00:00,1002.1504212426714,
2025-12-11 18:35:00+00:00,1002.2117507794101,TP1
2025-12-11 18:40:00+00:00,1002.3229664560621,TP2
2025-12-11 22:40:00+00:00,1002.3229664560621,
2025-12-12 02:50:00+00:00,1002.3229664560621,
2025-12-12 07:00:00+00:00,1002.3229664560621,
2025-12-12 09:50:00+00:00,1002.3470610689277,TP1
2025-12-12 10:10:00+00:00,1002.3993452743806,TP2
2025-12-12 11:10:00+00:00,1002.3993452743806,
2025-12-12 15:20:00+00:00,1002.3993452743806,
2025-12-12 19:30:00+00:00,1002.3993452743806,
2025-12-12 23:40:00+00:00,1002.3993452743806,
2025-12-13 03:50:00+00:00,1002.3993452743806,
2025-12-13 08:00:00+00:00,1002.3993452743806,
2025-12-13 12:10:00+00:00,1002.3993452743806,
2025-12-13 16:20:00+00:00,1002.3993452743806,
2025-12-13 20:30:00+00:00,1002.3993452743806,
2025-12-14 00:40:00+00:00,1002.3993452743806,
2025-12-14 04:40:00+00:00,1002.3363350565686,STOP
2025-12-14 04:50:00+00:00,1002.3363350565686,
2025-12-14 09:00:00+00:00,1002.3363350565686,
2025-12-14 13:10:00+00:00,1002.3363350565686,
2025-12-14 17:20:00+00:00,1002.3363350565686,
2025-12-14 21:30:00+00:00,1002.3363350565686,
2025-12-15 01:40:00+00:00,1002.3363350565686,
2025-12-15 05:50:00+00:00,1002.3363350565686,
2025-12-15 10:00:00+00:00,1002.3363350565686,
2025-12-15 14:10:00+00:00,1002.3363350565686,
2025-12-15 18:20:00+00:00,1002.3363350565686,
2025-12-15 22:30:00+00:00,1002.3363350565686,
2025-12-16 02:40:00+00:00,1002.3363350565686,
2025-12-16 06:50:00+00:00,1002.3363350565686,
2025-12-16 11:00:00+00:00,1002.3363350565686,
2025-12-16 15:10:00+00:00,1002.3363350565686,
2025-12-16 19:20:00+00:00,1002.3363350565686,
2025-12-16 19:50:00+00:00,1002.3830904721776,TP1
2025-12-16 20:15:00+00:00,1002.377684395873,STOP
2025-12-16 23:30:00+00:00,1002.377684395873,
2025-12-17 03:40:00+00:00,1002.377684395873,
2025-12-17 07:50:00+00:00,1002.377684395873,
2025-12-17 12:00:00+00:00,1002.377684395873,
2025-12-17 13:30:00+00:00,1002.394241546183,TP1
2025-12-17 13:45:00+00:00,1002.4675179292434,TP2
2025-12-17 16:10:00+00:00,1002.4675179292434,
2025-12-17 20:20:00+00:00,1002.4675179292434,
2025-12-18 00:30:00+00:00,1002.4675179292434,
2025-12-18 04:40:00+00:00,1002.4675179292434,
2025-12-18 08:50:00+00:00,1002.4675179292434,
2025-12-18 13:00:00+00:00,1002.4675179292434,
2025-12-18 15:35:00+00:00,1002.5928590868438,TP1
2025-12-18 15:35:00+00:00,1002.7182002444441,TP2
2025-12-18 17:10:00+00:00,1002.7182002444441,
2025-12-18 21:20:00+00:00,1002.7182002444441,
2025-12-19 01:30:00+00:00,1002.7182002444441,
2025-12-19 05:40:00+00:00,1002.7182002444441,
2025-12-19 05:50:00+00:00,1002.759938892158,TP1
2025-12-19 06:55:00+00:00,1002.9113259020436,TP2
2025-12-19 09:50:00+00:00,1002.9113259020436,
2025-12-19 14:00:00+00:00,1002.9113259020436,
2025-12-19 18:10:00+00:00,1002.9113259020436,
2025-12-19 22:20:00+00:00,1002.9113259020436,
2025-12-20 02:30:00+00:00,1002.9113259020436,
2025-12-20 02:40:00+00:00,1002.9301000853926,TP1
2025-12-20 05:15:00+00:00,1002.9863119914842,TP2
2025-12-20 06:40:00+00:00,1002.9863119914842,
2025-12-20 07:55:00+00:00,1003.0134694550584,TP1
2025-12-20 08:00:00+00:00,1003.0406269186326,TP2
2025-12-20 10:50:00+00:00,1003.0406269186326,
2025-12-20 15:00:00+00:00,1003.0406269186326,
2025-12-20 19:10:00+00:00,1003.0406269186326,
2025-12-20 23:20:00+00:00,1003.0406269186326,
2025-12-21 03:30:00+00:00,1003.0406269186326,
2025-12-21 07:40:00+00:00,1003.0406269186326,
2025-12-21 08:40:00+00:00,1003.1064801639255,TP1
2025-12-21 09:35:00+00:00,1003.2087477138797,TP2
2025-12-21 11:50:00+00:00,1003.2087477138797,
2025-12-21 16:00:00+00:00,1003.2087477138797,
2025-12-21 20:10:00+00:00,1003.2087477138797,
2025-12-21 22:55:00+00:00,1003.2315620177637,TP1
2025-12-21 23:00:00+00:00,1003.2922833060932,TP2
2025-12-22 00:20:00+00:00,1003.2922833060932,
2025-12-22 04:15:00+00:00,1003.3317578362589,TP1
2025-12-22 04:30:00+00:00,1003.3317578362589,
2025-12-22 07:05:00+00:00,1003.4094411931225,TP2
2025-12-22 08:40:00+00:00,1003.4094411931225,
2025-12-22 12:50:00+00:00,1003.4094411931225,
2025-12-22 17:00:00+00:00,1003.4094411931225,
2025-12-22 21:10:00+00:00,1003.4094411931225,
2025-12-23 01:20:00+00:00,1003.4094411931225,
2025-12-23 05:30:00+00:00,1003.4094411931225,
2025-12-23 09:40:00+00:00,1003.4094411931225,
2025-12-23 13:50:00+00:00,1003.4094411931225,
2025-12-23 18:00:00+00:00,1003.4094411931225,
2025-12-23 22:10:00+00:00,1003.4094411931225,
2025-12-24 02:20:00+00:00,1003.4094411931225,
2025-12-24 06:30:00+00:00,1003.4094411931225,
2025-12-24 10:40:00+00:00,1003.4094411931225,
2025-12-24 14:50:00+00:00,1003.4094411931225,
2025-12-24 19:00:00+00:00,1003.4094411931225,
2025-12-24 23:10:00+00:00,1003.4094411931225,
2025-12-25 03:20:00+00:00,1003.4094411931225,
2025-12-25 07:30:00+00:00,1003.4094411931225,
2025-12-25 11:40:00+00:00,1003.4094411931225,
2025-12-25 15:50:00+00:00,1003.4094411931225,
2025-12-25 20:00:00+00:00,1003.4094411931225,
2025-12-26 00:10:00+00:00,1003.4094411931225,
2025-12-26 04:20:00+00:00,1003.4094411931225,
2025-12-26 08:30:00+00:00,1003.4094411931225,
2025-12-26 12:40:00+00:00,1003.4094411931225,
2025-12-26 16:50:00+00:00,1003.4094411931225,
2025-12-26 21:00:00+00:00,1003.4094411931225,
2025-12-27 01:10:00+00:00,1003.4094411931225,
2025-12-27 05:20:00+00:00,1003.4094411931225,
2025-12-27 09:30:00+00:00,1003.4094411931225,
2025-12-27 13:40:00+00:00,1003.4094411931225,
2025-12-27 17:50:00+00:00,1003.4094411931225,
2025-12-27 22:00:00+00:00,1003.4094411931225,
2025-12-28 02:10:00+00:00,1003.4094411931225,
2025-12-28 06:20:00+00:00,1003.4094411931225,
2025-12-28 10:30:00+00:00,1003.4094411931225,
2025-12-28 14:40:00+00:00,1003.4094411931225,
2025-12-28 18:50:00+00:00,1003.4094411931225,
2025-12-28 23:00:00+00:00,1003.4094411931225,
2025-12-29 03:10:00+00:00,1003.4094411931225,
2025-12-29 07:20:00+00:00,1003.4094411931225,
2025-12-29 11:30:00+00:00,1003.4094411931225,
2025-12-29 15:40:00+00:00,1003.4094411931225,
2025-12-29 19:50:00+00:00,1003.4094411931225,
2025-12-30 00:00:00+00:00,1003.4094411931225,
2025-12-30 04:10:00+00:00,1003.4094411931225,
2025-12-30 08:20:00+00:00,1003.4094411931225,
2025-12-30 12:30:00+00:00,1003.4094411931225,
2025-12-30 16:40:00+00:00,1003.4094411931225,
2025-12-30 20:50:00+00:00,1003.4094411931225,
2025-12-31 01:00:00+00:00,1003.4094411931225,
2025-12-31 05:10:00+00:00,1003.4094411931225,
2025-12-31 09:20:00+00:00,1003.4094411931225,
2025-12-31 13:30:00+00:00,1003.4094411931225,
2025-12-31 17:40:00+00:00,1003.4094411931225,
2025-12-31 21:50:00+00:00,1003.4094411931225,
2026-01-01 02:00:00+00:00,1003.4094411931225,
2026-01-01 06:10:00+00:00,1003.4094411931225,
2026-01-01 10:20:00+00:00,1003.4094411931225,
2026-01-01 14:30:00+00:00,1003.4094411931225,
2026-01-01 18:40:00+00:00,1003.4094411931225,
2026-01-01 22:50:00+00:00,1003.4094411931225,
2026-01-02 03:00:00+00:00,1003.4094411931225,
2026-01-02 07:10:00+00:00,1003.4094411931225,
2026-01-02 11:20:00+00:00,1003.4094411931225,
2026-01-02 15:30:00+00:00,1003.4094411931225,
2026-01-02 19:40:00+00:00,1003.4094411931225,
2026-01-02 23:50:00+00:00,1003.4094411931225,
2026-01-03 04:00:00+00:00,1003.4094411931225,
2026-01-03 08:10:00+00:00,1003.4094411931225,
2026-01-03 12:20:00+00:00,1003.4094411931225,
2026-01-03 16:30:00+00:00,1003.4094411931225,
2026-01-03 20:40:00+00:00,1003.4094411931225,
2026-01-04 00:50:00+00:00,1003.4094411931225,
2026-01-04 05:00:00+00:00,1003.4094411931225,
2026-01-04 09:10:00+00:00,1003.4094411931225,
2026-01-04 13:20:00+00:00,1003.4094411931225,
2026-01-04 17:30:00+00:00,1003.4094411931225,
2026-01-04 21:40:00+00:00,1003.4094411931225,
2026-01-05 01:50:00+00:00,1003.4094411931225,
2026-01-05 06:00:00+00:00,1003.4094411931225,
2026-01-05 10:10:00+00:00,1003.4094411931225,
2026-01-05 14:20:00+00:00,1003.4094411931225,
2026-01-05 18:30:00+00:00,1003.4094411931225,
2026-01-05 22:40:00+00:00,1003.4094411931225,
2026-01-06 02:50:00+00:00,1003.4094411931225,
2026-01-06 07:00:00+00:00,1003.4094411931225,
2026-01-06 11:10:00+00:00,1003.4094411931225,
2026-01-06 15:20:00+00:00,1003.4094411931225,
2026-01-06 19:30:00+00:00,1003.4094411931225,
2026-01-06 23:40:00+00:00,1003.4094411931225,
2026-01-07 03:50:00+00:00,1003.4094411931225,
2026-01-07 04:15:00+00:00,1003.3411333102781,STOP
2026-01-07 08:00:00+00:00,1003.3411333102781,
2026-01-07 12:10:00+00:00,1003.3411333102781,
2026-01-07 16:20:00+00:00,1003.3411333102781,
2026-01-07 20:30:00+00:00,1003.3411333102781,
2026-01-08 00:40:00+00:00,1003.3411333102781,
2026-01-08 04:50:00+00:00,1003.3411333102781,
2026-01-08 09:00:00+00:00,1003.3411333102781,
2026-01-08 13:10:00+00:00,1003.3411333102781,
2026-01-08 17:20:00+00:00,1003.3411333102781,
2026-01-08 21:30:00+00:00,1003.3411333102781,
2026-01-09 01:25:00+00:00,1003.386618918297,TP1
2026-01-09 01:30:00+00:00,1003.3601012476104,STOP
2026-01-09 01:40:00+00:00,1003.3601012476104,
2026-01-09 05:50:00+00:00,1003.3601012476104,
2026-01-09 10:00:00+00:00,1003.3601012476104,
2026-01-09 14:10:00+00:00,1003.3601012476104,
2026-01-09 18:20:00+00:00,1003.3601012476104,
2026-01-09 22:30:00+00:00,1003.3601012476104,
2026-01-10 02:40:00+00:00,1003.3601012476104,
2026-01-10 06:50:00+00:00,1003.3601012476104,
2026-01-10 11:00:00+00:00,1003.3601012476104,
2026-01-10 15:10:00+00:00,1003.3601012476104,
2026-01-10 19:20:00+00:00,1003.3601012476104,
2026-01-10 23:30:00+00:00,1003.3601012476104,
2026-01-11 03:40:00+00:00,1003.3601012476104,
2026-01-11 07:50:00+00:00,1003.3601012476104,
2026-01-11 12:00:00+00:00,1003.3601012476104,
2026-01-11 16:10:00+00:00,1003.3601012476104,
2026-01-11 20:20:00+00:00,1003.3601012476104,
2026-01-12 00:30:00+00:00,1003.3601012476104,
2026-01-12 04:40:00+00:00,1003.3601012476104,
2026-01-12 08:50:00+00:00,1003.3601012476104,
2026-01-12 13:00:00+00:00,1003.3601012476104,
2026-01-12 17:10:00+00:00,1003.3601012476104,
2026-01-12 21:20:00+00:00,1003.3601012476104,
2026-01-13 01:30:00+00:00,1003.3601012476104,
2026-01-13 04:15:00+00:00,1003.3905783742831,TP1
2026-01-13 05:00:00+00:00,1003.4373880154446,TP2
2026-01-13 05:40:00+00:00,1003.4373880154446,
2026-01-13 09:50:00+00:00,1003.4373880154446,
2026-01-13 12:05:00+00:00,1003.3142781722469,STOP
2026-01-13 14:00:00+00:00,1003.3142781722469,
2026-01-13 18:10:00+00:00,1003.3142781722469,
2026-01-13 22:20:00+00:00,1003.3142781722469,
2026-01-14 02:30:00+00:00,1003.3142781722469,
2026-01-14 04:00:00+00:00,1003.345737239151,TP1
2026-01-14 04:05:00+00:00,1003.3342357030073,STOP
2026-01-14 06:40:00+00:00,1003.3342357030073,
2026-01-14 10:50:00+00:00,1003.3342357030073,
2026-01-14 15:00:00+00:00,1003.3342357030073,
2026-01-14 18:10:00+00:00,1003.1333916685886,STOP
2026-01-14 18:30:00+00:00,1003.103541378519,STOP
2026-01-14 19:10:00+00:00,1003.103541378519,
2026-01-14 23:20:00+00:00,1003.103541378519,
2026-01-15 03:30:00+00:00,1003.103541378519,
2026-01-15 07:40:00+00:00,1003.1226102155949,TP1
2026-01-15 07:40:00+00:00,1003.1226102155949,
2026-01-15 08:00:00+00:00,1003.1310057692903,STOP
2026-01-15 11:50:00+00:00,1003.1310057692903,
2026-01-15 14:10:00+00:00,1003.1372933675201,TP1
2026-01-15 14:20:00+00:00,1003.1025137073601,STOP
2026-01-15 16:00:00+00:00,1003.1025137073601,
2026-01-15 20:10:00+00:00,1003.1025137073601,
2026-01-16 00:20:00+00:00,1003.1025137073601,
2026-01-16 04:30:00+00:00,1003.1025137073601,
2026-01-16 08:40:00+00:00,1003.1025137073601,
2026-01-16 12:50:00+00:00,1003.1025137073601,
2026-01-16 17:00:00+00:00,1003.1025137073601,
2026-01-16 21:10:00+00:00,1003.1025137073601,
2026-01-17 01:20:00+00:00,1003.1025137073601,
2026-01-17 05:30:00+00:00,1003.1025137073601,
2026-01-17 09:40:00+00:00,1003.1025137073601,
2026-01-17 13:50:00+00:00,1003.1025137073601,
2026-01-17 18:00:00+00:00,1003.1025137073601,
2026-01-17 22:10:00+00:00,1003.1025137073601,
2026-01-18 02:20:00+00:00,1003.1025137073601,
2026-01-18 06:30:00+00:00,1003.1025137073601,
2026-01-18 10:40:00+00:00,1003.1025137073601,
2026-01-18 14:50:00+00:00,1003.1025137073601,
2026-01-18 19:00:00+00:00,1003.1025137073601,
2026-01-18 23:10:00+00:00,1003.1025137073601,
2026-01-19 03:20:00+00:00,1003.1025137073601,
2026-01-19 07:30:00+00:00,1003.1025137073601,
2026-01-19 11:40:00+00:00,1003.1025137073601,
2026-01-19 15:50:00+00:00,1003.1025137073601,
2026-01-19 20:00:00+00:00,1003.1025137073601,
2026-01-20 00:10:00+00:00,1003.1025137073601,
2026-01-20 04:20:00+00:00,1003.1025137073601,
2026-01-20 08:30:00+00:00,1003.1025137073601,
2026-01-20 12:40:00+00:00,1003.1025137073601,
2026-01-20 16:50:00+00:00,1003.1025137073601,
2026-01-20 21:00:00+00:00,1003.1025137073601,
2026-01-21 01:10:00+00:00,1003.1025137073601,
2026-01-21 05:20:00+00:00,1003.1025137073601,
2026-01-21 09:30:00+00:00,1003.1025137073601,
2026-01-21 13:40:00+00:00,1003.1025137073601,
2026-01-21 17:50:00+00:00,1003.1025137073601,
2026-01-21 22:00:00+00:00,1003.1025137073601,
2026-01-22 02:10:00+00:00,1003.1025137073601,
2026-01-22 06:20:00+00:00,1003.1025137073601,
2026-01-22 06:35:00+00:00,1003.145450904837,TP1
2026-01-22 07:50:00+00:00,1003.1347966496104,STOP
2026-01-22 10:30:00+00:00,1003.1347966496104,
2026-01-22 14:40:00+00:00,1003.1347966496104,
2026-01-22 18:50:00+00:00,1003.1347966496104,
2026-01-22 23:00:00+00:00,1003.1347966496104,
2026-01-23 03:10:00+00:00,1003.1347966496104,
2026-01-23 07:20:00+00:00,1003.1347966496104,
2026-01-23 11:30:00+00:00,1003.1347966496104,
2026-01-23 15:40:00+00:00,1003.1347966496104,
2026-01-23 19:50:00+00:00,1003.1347966496104,
2026-01-24 00:00:00+00:00,1003.1347966496104,
2026-01-24 01:25:00+00:00,1003.1485846373936,TP1
2026-01-24 01:30:00+00:00,1003.1419493439047,STOP
2026-01-24 04:10:00+00:00,1003.1419493439047,
2026-01-24 08:20:00+00:00,1003.1419493439047,
2026-01-24 12:30:00+00:00,1003.1419493439047,
2026-01-24 16:40:00+00:00,1003.1419493439047,
2026-01-24 20:50:00+00:00,1003.1419493439047,
2026-01-25 01:00:00+00:00,1003.1419493439047,
2026-01-25 05:10:00+00:00,1003.1419493439047,
2026-01-25 09:20:00+00:00,1003.1419493439047,
2026-01-25 13:30:00+00:00,1003.1419493439047,
2026-01-25 17:40:00+00:00,1003.1419493439047,
2026-01-25 21:50:00+00:00,1003.1419493439047,
2026-01-26 02:00:00+00:00,1003.1419493439047,
2026-01-26 06:10:00+00:00,1003.1419493439047,
2026-01-26 10:20:00+00:00,1003.1419493439047,
2026-01-26 14:30:00+00:00,1003.1419493439047,
2026-01-26 18:40:00+00:00,1003.1419493439047,
2026-01-26 21:40:00+00:00,1003.1914580078367,TP1
2026-01-26 22:50:00+00:00,1003.1914580078367,
2026-01-26 23:30:00+00:00,1003.310333188471,TP2
2026-01-27 03:00:00+00:00,1003.310333188471,
2026-01-27 07:10:00+00:00,1003.310333188471,
2026-01-27 11:20:00+00:00,1003.310333188471,
2026-01-27 15:30:00+00:00,1003.310333188471,
2026-01-27 17:35:00+00:00,1003.0032198446268,STOP
2026-01-27 19:40:00+00:00,1003.0032198446268,
2026-01-27 23:50:00+00:00,1003.0032198446268,
2026-01-28 01:50:00+00:00,1003.0174154454211,TP1
2026-01-28 02:05:00+00:00,1003.0008336529818,STOP
2026-01-28 04:00:00+00:00,1003.0008336529818,
2026-01-28 08:10:00+00:00,1003.0008336529818,
2026-01-28 12:20:00+00:00,1003.0008336529818,
2026-01-28 14:35:00+00:00,1002.9818622426756,STOP
2026-01-28 16:30:00+00:00,1002.9818622426756,
2026-01-28 17:40:00+00:00,1003.0011961637924,TP1
2026-01-28 17:50:00+00:00,1003.1237753085614,TP2
2026-01-28 20:40:00+00:00,1003.1237753085614,
2026-01-28 21:00:00+00:00,1002.9108176923927,STOP
2026-01-29 00:50:00+00:00,1002.9108176923927,
2026-01-29 05:00:00+00:00,1002.9108176923927,
2026-01-29 09:10:00+00:00,1002.9108176923927,
2026-01-29 13:20:00+00:00,1002.9108176923927,
2026-01-29 17:30:00+00:00,1002.9108176923927,
2026-01-29 21:40:00+00:00,1002.9108176923927,
2026-01-30 01:50:00+00:00,1002.9108176923927,
2026-01-30 06:00:00+00:00,1002.9108176923927,
2026-01-30 10:10:00+00:00,1002.9108176923927,
2026-01-30 14:20:00+00:00,1002.9108176923927,
2026-01-30 18:30:00+00:00,1002.9108176923927,
2026-01-30 22:40:00+00:00,1002.9108176923927,
2026-01-31 02:50:00+00:00,1002.9108176923927,
2026-01-31 06:25:00+00:00,1002.7477740563517,STOP
2026-01-31 07:00:00+00:00,1002.7477740563517,
2026-01-31 11:10:00+00:00,1002.7477740563517,
2026-01-31 15:20:00+00:00,1002.7477740563517,
2026-01-31 19:30:00+00:00,1002.7477740563517,
2026-01-31 23:40:00+00:00,1002.7477740563517,
2026-02-01 03:50:00+00:00,1002.7477740563517,
2026-02-01 08:00:00+00:00,1002.7477740563517,
2026-02-01 12:10:00+00:00,1002.7477740563517,
2026-02-01 16:20:00+00:00,1002.7477740563517,
2026-02-01 20:30:00+00:00,1002.7477740563517,
2026-02-02 00:40:00+00:00,1002.7477740563517,
2026-02-02 04:50:00+00:00,1002.7477740563517,
2026-02-02 09:00:00+00:00,1002.7477740563517,
2026-02-02 13:10:00+00:00,1002.7477740563517,
2026-02-02 17:20:00+00:00,1002.7477740563517,
2026-02-02 21:30:00+00:00,1002.7477740563517,
2026-02-03 01:40:00+00:00,1002.7477740563517,
2026-02-03 05:50:00+00:00,1002.7477740563517,
2026-02-03 10:00:00+00:00,1002.7477740563517,
2026-02-03 14:10:00+00:00,1002.7477740563517,
2026-02-03 18:20:00+00:00,1002.7477740563517,
2026-02-03 22:30:00+00:00,1002.7477740563517,
2026-02-04 02:40:00+00:00,1002.7477740563517,
2026-02-04 06:50:00+00:00,1002.7477740563517,
2026-02-04 11:00:00+00:00,1002.7477740563517,
2026-02-04 15:10:00+00:00,1002.7477740563517,
2026-02-04 19:20:00+00:00,1002.7477740563517,
2026-02-04 23:30:00+00:00,1002.7477740563517,
2026-02-05 03:40:00+00:00,1002.7477740563517,
2026-02-05 07:50:00+00:00,1002.7477740563517,
2026-02-05 12:00:00+00:00,1002.7477740563517,
2026-02-05 16:10:00+00:00,1002.7477740563517,
2026-02-05 20:20:00+00:00,1002.7477740563517,
2026-02-06 00:30:00+00:00,1002.7477740563517,
2026-02-06 04:40:00+00:00,1002.7477740563517,
2026-02-06 08:50:00+00:00,1002.7477740563517,
2026-02-06 13:00:00+00:00,1002.7477740563517,
2026-02-06 17:10:00+00:00,1002.7477740563517,
2026-02-06 21:20:00+00:00,1002.7477740563517,
2026-02-06 22:35:00+00:00,1002.9902259748409,TP1
2026-02-07 00:05:00+00:00,1002.9745590812079,STOP
2026-02-07 01:30:00+00:00,1002.9745590812079,
2026-02-07 01:50:00+00:00,1003.0434259311444,TP1
2026-02-07 02:45:00+00:00,1003.0327085256922,STOP
2026-02-07 05:40:00+00:00,1003.0327085256922,
2026-02-07 09:50:00+00:00,1003.0327085256922,
2026-02-07 14:00:00+00:00,1003.0327085256922,
2026-02-07 18:10:00+00:00,1003.0327085256922,
2026-02-07 22:20:00+00:00,1003.0327085256922,
2026-02-08 01:50:00+00:00,1003.1019135192191,TP1
2026-02-08 02:30:00+00:00,1003.1019135192191,
2026-02-08 03:35:00+00:00,1003.1262776944473,STOP
2026-02-08 05:10:00+00:00,1003.1452482346409,TP1
2026-02-08 05:20:00+00:00,1003.1308651770639,STOP
2026-02-08 06:40:00+00:00,1003.1308651770639,
2026-02-08 10:50:00+00:00,1003.1308651770639,
2026-02-08 15:00:00+00:00,1003.132370444069,TP1
2026-02-08 15:00:00+00:00,1003.132370444069,
2026-02-08 15:05:00+00:00,1003.1451578709845,STOP
2026-02-08 19:10:00+00:00,1003.1451578709845,
2026-02-08 23:20:00+00:00,1003.1451578709845,
2026-02-09 03:30:00+00:00,1003.1451578709845,
2026-02-09 06:00:00+00:00,1003.0299714345842,STOP
2026-02-09 07:40:00+00:00,1003.0299714345842,
2026-02-09 11:50:00+00:00,1003.0299714345842,
2026-02-09 16:00:00+00:00,1003.0299714345842,
2026-02-09 20:10:00+00:00,1003.0299714345842,
2026-02-10 00:20:00+00:00,1003.0299714345842,
2026-02-10 04:30:00+00:00,1003.0299714345842,
2026-02-10 08:40:00+00:00,1003.0299714345842,
2026-02-10 12:50:00+00:00,1003.0299714345842,
2026-02-10 17:00:00+00:00,1003.0299714345842,
2026-02-10 21:10:00+00:00,1003.0299714345842,
2026-02-11 01:20:00+00:00,1003.0299714345842,
2026-02-11 05:30:00+00:00,1003.0299714345842,
2026-02-11 09:40:00+00:00,1003.0299714345842,
2026-02-11 13:50:00+00:00,1003.0299714345842,
