side,signal_ts,entry_ts,exit_ts,entry,exit,stop,tp1,tp2,qty,pnl_gross_usdt,pnl_net_usdt,fees_usdt,tp1_pnl_gross_usdt,tp1_fee_usdt,pnl_R,exit_reason,took_tp1,funding_cost_usdt,holding_hours,tp_fill_price,tp_bidask_half_spread_bps,fee_taker_rate_applied,fee_maker_rate_applied,fee_paid_usd,notional_usd,risk_per_trade,risk_usd
LONG,2025-02-20 16:05:00+00:00,2025-02-20 16:10:00+00:00,2025-02-20 18:00:00+00:00,97316.17934401,98228.39832764184,96823.51260108424,97769.92739893576,98243.13479786152,0.0015416758139430043,1.041634458063658,1.041634458063658,0.0,0.33846148602121723,0.0,1.371415433303738,TP2,True,0.0,1.8333333333333333,98228.39832764184,1.5,0.0,0.0,0.0,150.03,0.03,150.0
LONG,2025-02-21 05:20:00+00:00,2025-02-21 05:25:00+00:00,2025-02-21 06:00:00+00:00,98320.23011401,98280.9020219644,98181.42682397555,98419.71317604446,98538.85635207892,0.0015262500414161039,0.0346397808701031,0.0346397808701031,0.0,0.06465203192681115,0.0,0.16351202122506772,STOP,True,0.0,0.5833333333333334,98404.95021906805,1.5,0.0,0.0,0.0,150.06125528354863,0.03,150.0312490337419
LONG,2025-02-21 09:00:00+00:00,2025-02-21 09:10:00+00:00,2025-02-21 09:15:00+00:00,98310.39814801,98565.3481498656,98146.04241494444,98435.43758507556,98580.13517014112,0.0015264132534474023,0.2787414711292382,0.2787414711292382,0.0,0.08416194022982504,0.0,1.1110781366467632,TP2,True,0.0,0.08333333333333333,98565.3481498656,1.5,0.0,0.0,0.0,150.06229468481342,0.03,150.03228822716798
LONG,2025-02-21 09:45:00+00:00,2025-02-21 09:50:00+00:00,2025-02-21 12:20:00+00:00,98373.87084001,98844.4922772815,98101.63941228608,98606.76058773391,98859.32117545782,0.0015255134043211842,0.5253259262726966,0.5253259262726966,0.0,0.16635627081340626,0.0,1.2649534564497644,TP2,True,0.0,2.5,98844.4922772815,1.5,0.0,0.0,0.0,150.07065860139613,0.03,150.04065047130186
LONG,2025-02-28 18:10:00+00:00,2025-02-28 18:15:00+00:00,2025-02-28 18:15:00+00:00,83897.87622001,83478.81797354406,83512.22286268914,84249.97713733086,84618.85427465172,0.001788918007144305,-0.7496608431452333,-0.7496608431452333,0.0,0.0,0.0,-1.0866189507000397,STOP,False,0.0,0.0,,1.5,0.0,0.0,0.0,150.08642153113988,0.03,150.05641024909005
LONG,2025-03-02 19:00:00+00:00,2025-03-02 19:05:00+00:00,2025-03-02 22:55:00+00:00,93014.76923401,94737.66286985631,92118.317174413,93874.022825607,94751.875651204,0.0016133344031671363,2.0715747137443388,2.0715747137443388,0.0,0.6817729258900561,0.0,1.4323499491840683,TP2,True,0.0,3.8333333333333335,94737.66286985631,1.5,0.0,0.0,0.0,150.06392720788045,0.03,150.03392042379568
LONG,2025-03-02 23:35:00+00:00,2025-03-02 23:40:00+00:00,2025-03-03 00:05:00+00:00,94443.63495001,93679.2496209423,93716.73631546849,95132.76368455151,95840.77736909302,0.0015895839561681881,-1.2150546554163681,-1.2150546554163681,0.0,0.0,0.0,-1.0515707317978849,STOP,False,0.0,0.4166666666666667,,1.5,0.0,0.0,0.0,150.12608687874106,0.03,150.096067665208
LONG,2025-03-03 05:35:00+00:00,2025-03-03 05:40:00+00:00,2025-03-03 06:30:00+00:00,93197.30573400999,92695.8622611384,92732.95544331573,93624.38455670426,94070.09911339852,0.001610450288950566,-0.807549785778421,-0.807549785778421,0.0,0.0,0.0,-1.079881897181259,STOP,False,0.0,0.8333333333333334,,1.5,0.0,0.0,0.0,150.08962794875063,0.03,150.05961602554552
LONG,2025-03-06 05:40:00+00:00,2025-03-06 05:45:00+00:00,2025-03-07 00:55:00+00:00,92568.84006601,83428.64424541207,83462.02905703489,101638.63094298511,110726.93188596022,0.0016211221454527063,-14.81737385854558,-14.81737385854558,0.0,0.0,0.0,-1.0036659168165363,STOP,False,0.0,19.166666666666668,,1.5,0.0,0.0,0.0,150.06539660987858,0.03,150.03538953197219
LONG,2025-03-07 04:10:00+00:00,2025-03-07 04:15:00+00:00,2025-03-07 05:20:00+00:00,87209.47840800999,88060.44385628356,86751.23254775537,87632.84745226461,88073.65490451924,0.0017156482210554849,1.0818788171549973,1.0818788171549973,0.0,0.3519001383998856,0.0,1.3761057925428517,TP2,True,0.0,1.0833333333333333,88060.44385628356,1.5,0.0,0.0,0.0,149.62078648987907,0.03,149.59086831621582
LONG,2025-03-14 03:55:00+00:00,2025-03-14 04:00:00+00:00,2025-03-14 06:25:00+00:00,81886.36399801,81853.60945241079,81672.73471357733,82067.24528644267,82264.50057287535,0.0018275722847982785,0.12410737819680652,0.12410737819680652,0.0,0.15403802806594316,0.0,0.3178793029270184,STOP,True,0.0,2.4166666666666665,82054.93519964971,1.5,0.0,0.0,0.0,149.65324934566664,0.03,149.6233246807305
LONG,2025-03-14 18:30:00+00:00,2025-03-14 18:35:00+00:00,2025-03-14 19:45:00+00:00,84428.90240401,84395.1308430484,84080.91908074761,84743.12091927239,85074.22183853478,0.0017725798754970993,0.23729126736439357,0.23729126736439357,0.0,0.2672226620267204,0.0,0.38469585791186894,STOP,True,0.0,1.1666666666666667,84730.4094511345,1.5,0.0,0.0,0.0,149.6569733116568,0.03,149.62704790207638
LONG,2025-03-17 15:10:00+00:00,2025-03-17 15:15:00+00:00,2025-03-17 19:00:00+00:00,83305.40775001,84542.85932784676,82655.35367039217,83922.14632962782,84555.54265924565,0.0017965711652543632,1.65428437777403,1.65428437777403,0.0,0.5426994662040072,0.0,1.4164989446630738,TP2,True,0.0,3.75,84542.85932784676,1.5,0.0,0.0,0.0,149.6640934734253,0.03,149.6341666400973
LONG,2025-03-21 14:40:00+00:00,2025-03-21 14:45:00+00:00,2025-03-21 15:40:00+00:00,84074.28149401,83518.96221767101,83552.38317093939,84562.55682908061,85067.64365815122,0.0017807316252965114,-0.9888745975136232,-0.9888745975136232,0.0,0.0,0.0,-1.0640372880904083,STOP,False,0.0,0.9166666666666666,,1.5,0.0,0.0,0.0,149.71373193046486,0.03,149.68379517143055
LONG,2025-03-23 15:00:00+00:00,2025-03-23 15:05:00+00:00,2025-03-23 16:10:00+00:00,84961.33887001,85210.63467437783,84804.81590646206,85083.88409355795,85223.4181871059,0.0017617902654324567,0.3163104547296136,0.3163104547296136,0.0,0.09670699405542149,0.0,1.147047171745323,TP2,True,0.0,1.0833333333333333,85210.63467437783,1.5,0.0,0.0,0.0,149.6840597592918,0.03,149.65412893350512
LONG,2025-03-23 16:40:00+00:00,2025-03-23 16:45:00+00:00,2025-03-23 17:30:00+00:00,85122.40107601,85088.3521155796,84887.15457924281,85323.6054207772,85541.83084154439,0.001758568239130469,0.13572352125657589,0.13572352125657589,0.0,0.16566223145073347,0.0,0.3280746911109566,STOP,True,0.0,0.75,85310.80687996408,1.5,0.0,0.0,0.0,149.69355097079645,0.03,149.663618247147
LONG,2025-03-23 21:30:00+00:00,2025-03-23 21:35:00+00:00,2025-03-23 22:00:00+00:00,85057.95819001,85275.00436019571,84917.5262351024,85164.37376491759,85287.79752982518,0.001759948471327838,0.27339663369855904,0.27339663369855904,0.0,0.08240159598560534,0.0,1.106183735863328,TP2,True,0.0,0.4166666666666667,85275.00436019571,1.5,0.0,0.0,0.0,149.69762349077527,0.03,149.66768995278468
LONG,2025-03-24 03:00:00+00:00,2025-03-24 03:05:00+00:00,2025-03-24 04:45:00+00:00,86052.25701001,86890.52534562683,85600.7945601356,86469.3054398844,86903.56087975879,0.001739708314829575,1.0806601546111796,1.0806601546111796,0.0,0.35148895784570805,0.0,1.3759132902646605,TP2,True,0.0,1.6666666666666667,86890.52534562683,1.5,0.0,0.0,0.0,149.70582703016598,0.03,149.67589185179563
LONG,2025-03-24 12:10:00+00:00,2025-03-24 12:15:00+00:00,2025-03-24 12:15:00+00:00,87657.44798401,88315.34279816387,87295.58395652653,87984.25604349346,88328.59208697692,0.001708220542150391,0.8297725998139606,0.8297725998139606,0.0,0.26785788175803216,0.0,1.3423622706946374,TP2,True,0.0,0.0,88315.34279816387,1.5,0.0,0.0,0.0,149.73825331876526,0.03,149.70831165643398
LONG,2025-03-24 18:35:00+00:00,2025-03-24 18:40:00+00:00,2025-03-24 19:00:00+00:00,88360.21851001,88324.874422606,88106.73131585689,88578.36868416311,88814.18736831623,0.0016949160380180493,0.1436605168113601,0.1436605168113601,0.0,0.17361314710644404,0.0,0.334374547031504,STOP,True,0.0,0.3333333333333333,88565.08192886048,1.5,0.0,0.0,0.0,149.76315147539526,0.03,149.73320483442836
LONG,2025-03-24 19:55:00+00:00,2025-03-24 20:05:00+00:00,2025-03-24 20:40:00+00:00,88422.00086401001,87987.27536725666,88022.48436100106,88786.15563901895,89167.9912780279,0.0016937805149105356,-0.7363295757356305,-0.7363295757356305,0.0,0.0,0.0,-1.08812900963845,STOP,False,0.0,0.5833333333333334,,1.5,0.0,0.0,0.0,149.76746215286272,0.03,149.7375146499327
LONG,2025-04-01 01:15:00+00:00,2025-04-01 01:25:00+00:00,2025-04-01 04:35:00+00:00,82701.21693601,83212.45894841362,82414.54865510644,82954.81134491354,83224.9426898171,0.0018106791338207094,0.6811713334770899,0.6811713334770899,0.0,0.2183237113812103,0.0,1.3123063305677942,TP2,True,0.0,3.1666666666666665,83212.45894841362,1.5,0.0,0.0,0.0,149.74536784761315,0.03,149.71542476266063
LONG,2025-04-03 04:05:00+00:00,2025-04-03 04:10:00+00:00,2025-04-03 04:20:00+00:00,83466.69000001,83302.26518602445,83335.59942579478,83564.40057422522,83678.80114844044,0.0017943182732492152,-0.2950304483098721,-0.2950304483098721,0.0,0.0,0.0,-1.254284032012824,STOP,False,0.0,0.16666666666666666,,1.5,0.0,0.0,0.0,149.76580707464547,0.03,149.73585990266494
LONG,2025-04-04 05:20:00+00:00,2025-04-04 05:25:00+00:00,2025-04-04 07:45:00+00:00,82993.59540001,83730.66824975521,82593.88513290732,83360.11486711267,83743.22973421535,0.0018044398928522074,0.9844016272273306,0.9844016272273306,0.0,0.319399800218074,0.0,1.3648489786447302,TP2,True,0.0,2.3333333333333335,83730.66824975521,1.5,0.0,0.0,0.0,149.7569543910135,0.03,149.72700898921565
LONG,2025-04-07 15:30:00+00:00,2025-04-07 15:35:00+00:00,2025-04-07 16:55:00+00:00,78400.95705601,77352.01217832713,77382.96536447293,79387.59463554707,80389.90927108414,0.0019105186718477417,-2.0040287745521588,-2.0040287745521588,0.0,0.0,0.0,-1.0304061284616755,STOP,False,0.0,1.3333333333333333,,1.5,0.0,0.0,0.0,149.78649234624004,0.03,149.75654103803245
LONG,2025-04-07 20:05:00+00:00,2025-04-07 20:10:00+00:00,2025-04-07 22:10:00+00:00,78530.63298601,79556.11698858369,77988.36890180841,79041.49109821157,79568.05219641315,0.0019065981485913168,1.4532909887724699,1.4532909887724699,0.0,0.47569803841396263,0.0,1.405667400372974,TP2,True,0.0,2.0,79556.11698858369,1.5,0.0,0.0,0.0,149.72635945883084,0.03,149.6964201747959
LONG,2025-04-08 03:45:00+00:00,2025-04-08 04:00:00+00:00,2025-04-08 04:45:00+00:00,79934.65373401,79902.6798725164,79610.40261646562,80226.93738355437,80535.20476709874,0.0018736550408614198,0.23259155286032154,0.23259155286032154,0.0,0.2625455462419722,0.0,0.38284486006320106,STOP,True,0.0,0.75,80214.90334294684,1.5,0.0,0.0,0.0,149.76996690823995,0.03,149.74001890445905
LONG,2025-04-10 05:20:00+00:00,2025-04-10 05:30:00+00:00,2025-04-10 06:40:00+00:00,82193.43540001,81835.47322891456,81868.22051712142,82485.77948289858,82794.55896578716,0.0018222494937881238,-0.6522963850739596,-0.6522963850739596,0.0,0.0,0.0,-1.1006943099159245,STOP,False,0.0,1.1666666666666667,,1.5,0.0,0.0,0.0,149.77694605037507,0.03,149.74699665104487
LONG,2025-04-11 12:25:00+00:00,2025-04-11 12:30:00+00:00,2025-04-11 13:35:00+00:00,82192.46520601,83048.46184385502,81733.58450901383,82618.47549100616,83060.92098200232,0.0018220328696759193,1.1566393579353176,1.1566393579353176,0.0,0.37681235269246827,0.0,1.383381519236266,TP2,True,0.0,1.0833333333333333,83048.46184385502,1.5,0.0,0.0,0.0,149.75737324504456,0.03,149.72742775949266
LONG,2025-04-13 10:45:00+00:00,2025-04-13 10:50:00+00:00,2025-04-13 11:15:00+00:00,84718.35028201,84322.60355362587,84356.3460920627,85046.4739079573,85391.53781590461,0.0017681184639100225,-0.6997270974879563,-0.6997270974879563,0.0,0.0,0.0,-1.0932103532882795,STOP,False,0.0,0.4166666666666667,,1.5,0.0,0.0,0.0,149.79207936561875,0.03,149.7621269402307
LONG,2025-04-13 16:15:00+00:00,2025-04-13 16:20:00+00:00,2025-04-13 19:35:00+00:00,84215.41971601,84181.7335481236,83673.29722509261,84723.86277492739,85249.14554984478,0.0017784282719172735,0.4108598901836454,0.4108598901836454,0.0,0.44081410685451516,0.0,0.426147521414256,STOP,True,0.0,3.25,84711.15419551115,1.5,0.0,0.0,0.0,149.77108335433155,0.03,149.74113512730608
LONG,2025-04-14 02:10:00+00:00,2025-04-14 02:15:00+00:00,2025-04-14 02:30:00+00:00,84446.17585801,85348.51161046684,83963.27709609598,84895.302903924,85361.31580783802,0.0017737145595325254,1.1872611184587298,1.1872611184587298,0.0,0.38701808759901113,0.0,1.3861378497110464,TP2,True,0.0,0.25,85348.51161046684,1.5,0.0,0.0,0.0,149.7834116161964,0.03,149.75346092401156
LONG,2025-04-14 04:20:00+00:00,2025-04-14 04:25:00+00:00,2025-04-14 05:35:00+00:00,84755.71775401001,84309.61646089537,84343.35380241634,85134.18619760366,85529.60239519732,0.0017676569857875877,-0.7885540671429692,-0.7885540671429692,0.0,0.0,0.0,-1.0818144781826542,STOP,False,0.0,1.1666666666666667,,1.5,0.0,0.0,0.0,149.81903657331685,0.03,149.78907875756533
LONG,2025-04-14 08:25:00+00:00,2025-04-14 08:30:00+00:00,2025-04-14 09:40:00+00:00,84668.07022801,84342.55742803469,84376.30795121517,84925.97204880482,85200.80409759964,0.0017692073861679046,-0.5758996500085003,-0.5758996500085003,0.0,0.0,0.0,-1.1156781594634233,STOP,False,0.0,1.1666666666666667,,1.5,0.0,0.0,0.0,149.79537521997815,0.03,149.76542213555103
LONG,2025-04-14 11:05:00+00:00,2025-04-14 11:15:00+00:00,2025-04-14 13:30:00+00:00,84816.96000001,84783.03321601,84452.2476039534,85147.7523960666,85495.5047921232,0.0017658979380428437,0.25084001807438194,0.25084001807438194,0.0,0.28079563702940347,0.0,0.38947599844272224,STOP,True,0.0,2.25,85134.98023320718,1.5,0.0,0.0,0.0,149.77809477508,0.03,149.7481451460508
LONG,2025-04-16 21:45:00+00:00,2025-04-16 21:50:00+00:00,2025-04-16 22:25:00+00:00,84606.70795801,84291.13276104024,84324.86270612269,84854.7172938973,85119.6445877846,0.0017703752467830378,-0.5586865172139436,-0.5586865172139436,0.0,0.0,0.0,-1.1196754064742471,STOP,False,0.0,0.5833333333333334,,1.5,0.0,0.0,0.0,149.78562148066237,0.03,149.75567034659304
LONG,2025-04-17 02:20:00+00:00,2025-04-17 02:25:00+00:00,2025-04-17 02:35:00+00:00,84132.96322801,84099.3100427188,84014.28927641916,84217.99072360083,84319.84144719166,0.0017801448063482091,0.0344828394207264,0.0344828394207264,0.0,0.0644366109273293,0.0,0.16322710743070878,STOP,True,0.0,0.16666666666666666,84205.3580249923,1.5,0.0,0.0,0.0,149.76885753302687,0.03,149.73890975107665
LONG,2025-04-17 19:50:00+00:00,2025-04-17 19:55:00+00:00,2025-04-18 07:20:00+00:00,84909.51850800999,84450.6664325733,84484.46021665997,85300.61978336002,85708.69956671004,0.0017638763575249562,-0.8093583274640368,-0.8093583274640368,0.0,0.0,0.0,-1.0795038816425224,STOP,False,0.0,11.416666666666666,,1.5,0.0,0.0,0.0,149.7698922251065,0.03,149.73994423625928
LONG,2025-04-21 19:20:00+00:00,2025-04-21 19:25:00+00:00,2025-04-22 01:15:00+00:00,87291.33477601,88426.47367965658,86690.95017971366,87856.80982030634,88439.73964060268,0.0017154693189579539,1.4473718509159028,1.4473718509159028,0.0,0.47372386993526056,0.0,1.4052954030461091,TP2,True,0.0,5.833333333333333,88426.47367965658,1.5,0.0,0.0,0.0,149.74560661913262,0.03,149.71566348643535
LONG,2025-04-23 22:35:00+00:00,2025-04-23 22:40:00+00:00,2025-04-24 01:15:00+00:00,93696.63558001,93181.05274823174,93218.34008426545,94137.45991575453,94597.01983149907,0.0015986597120766675,-0.8242415014023028,-0.8242415014023028,0.0,0.0,0.0,-1.077958785657529,STOP,False,0.0,2.5833333333333335,,1.5,0.0,0.0,0.0,149.78903645889122,0.03,149.75908464196283
LONG,2025-04-24 01:30:00+00:00,2025-04-24 01:35:00+00:00,2025-04-24 03:35:00+00:00,93434.26311601,93057.49161119296,93094.72950299416,93736.43049702584,94057.28099404168,0.0016028842019383143,-0.6039210928117521,-0.6039210928117521,0.0,0.0,0.0,-1.109673653428414,STOP,False,0.0,2.0,,1.5,0.0,0.0,0.0,149.76430426840017,0.03,149.73435739692079
LONG,2025-04-24 11:50:00+00:00,2025-04-24 11:55:00+00:00,2025-04-24 13:40:00+00:00,92641.08451201,92604.0280782052,92296.87961139917,92948.24038862082,93273.92077723164,0.0016164122408635678,0.20702782228622085,0.20702782228622085,0.0,0.23697705888863455,0.0,0.37209988337345923,STOP,True,0.0,1.75,92934.29815256252,1.5,0.0,0.0,0.0,149.74618301208926,0.03,149.71623976413642
LONG,2025-04-25 00:30:00+00:00,2025-04-25 00:35:00+00:00,2025-04-25 01:05:00+00:00,93762.01865401,94058.0356807442,93578.8317486552,93907.7082513648,94072.14650271961,0.0015971541274247105,0.34148789759999654,0.34148789759999654,0.0,0.1050954895817344,0.0,1.167169855899577,TP2,True,0.0,0.5,94058.0356807442,1.5,0.0,0.0,0.0,149.75239508892477,0.03,149.722450598805
LONG,2025-04-25 06:35:00+00:00,2025-04-25 06:40:00+00:00,2025-04-25 11:45:00+00:00,93618.72000001,94306.0343640994,93239.90880428594,93960.09119573406,94320.18239145812,0.001599708282432874,0.811525249818541,0.811525249818541,0.0,0.2617740093840944,0.0,1.3391784054782174,TP2,True,0.0,5.083333333333333,94306.0343640994,1.5,0.0,0.0,0.0,149.76264177478015,0.03,149.732695235733
LONG,2025-05-08 00:45:00+00:00,2025-05-08 00:50:00+00:00,2025-05-08 00:55:00+00:00,97029.15195001,97255.4728351157,96879.5933277063,97139.9066723137,97270.06334461739,0.0015437318516253482,0.2489303281823726,0.2489303281823726,0.0,0.07424094866951851,0.0,1.078187992243148,TP2,True,0.0,0.08333333333333333,97255.4728351157,1.5,0.0,0.0,0.0,149.7869924014262,0.03,149.75704099322755
LONG,2025-05-08 18:00:00+00:00,2025-05-08 18:05:00+00:00,2025-05-08 20:35:00+00:00,101135.89313401,101903.4060464401,100714.15807475615,101517.18192526384,101918.69385051768,0.0014811206700510236,0.8394800348194438,0.8394800348194438,0.0,0.2710904152538011,0.0,1.3439410614815062,TP2,True,0.0,2.5,101903.4060464401,1.5,0.0,0.0,0.0,149.7944618048536,0.03,149.764508903073
LONG,2025-05-09 10:05:00+00:00,2025-05-09 10:10:00+00:00,2025-05-11 05:00:00+00:00,102970.59000001,103833.71534681313,102500.35362965288,103399.64637036712,103849.29274072424,0.0014549751656542308,0.9287628601698337,0.9287628601698337,0.0,0.3008498879472049,0.0,1.357478760346785,TP2,True,0.0,42.833333333333336,103833.71534681313,1.5,0.0,0.0,0.0,149.81965124277843,0.03,149.7896933041176
LONG,2025-05-11 22:10:00+00:00,2025-05-11 22:15:00+00:00,2025-05-11 22:35:00+00:00,104176.10105401,103711.1449913763,103752.64604979623,104557.89395022378,104960.51790043755,0.0014384059125371984,-0.6687955495623152,-0.6687955495623152,0.0,0.0,0.0,-1.0980058282626133,STOP,False,0.0,0.3333333333333333,,1.5,0.0,0.0,0.0,149.84751970116065,0.03,149.81755618992267
LONG,2025-05-12 08:40:00+00:00,2025-05-12 08:45:00+00:00,2025-05-12 08:50:00+00:00,104545.90500001,105156.66234166012,104201.28089631938,104848.71910370061,105172.43820739123,0.001433125972957871,0.6433618765418229,0.6433618765418229,0.0,0.20571577179507344,0.0,1.3026426878736612,TP2,True,0.0,0.08333333333333333,105156.66234166012,1.5,0.0,0.0,0.0,149.82745182190047,0.03,149.7974923234358
LONG,2025-05-18 19:00:00+00:00,2025-05-18 19:05:00+00:00,2025-05-18 19:30:00+00:00,104648.94560401,104312.84089893253,104354.58273202533,104901.45726799467,105174.89453597934,0.001431899343786853,-0.48126810664411684,-0.48126810664411684,0.0,0.0,0.0,-1.1418040013381108,STOP,False,0.0,0.4166666666666667,,1.5,0.0,0.0,0.0,149.846756538368,0.03,149.81679317973206
LONG,2025-05-21 15:00:00+00:00,2025-05-21 15:05:00+00:00,2025-05-30 00:55:00+00:00,109311.29788801,105137.37445047729,105179.44622896888,113399.43377105112,117509.42754209223,0.0013706937755058406,-5.721170875264023,-5.721170875264023,0.0,0.0,0.0,-1.0101823061337478,STOP,False,0.0,201.83333333333334,,1.5,0.0,0.0,0.0,149.83231560756005,0.03,149.80235513653275
LONG,2025-06-05 00:20:00+00:00,2025-06-05 00:25:00+00:00,2025-06-05 01:15:00+00:00,104876.60112601,105218.24511152647,104666.42989198556,105044.83010803444,105234.03021605888,0.0014270165560996636,0.35255602971699973,0.35255602971699973,0.0,0.10879021790506552,0.0,1.1755087353372764,TP2,True,0.0,0.8333333333333334,105218.24511152647,1.5,0.0,0.0,0.0,149.6606461542769,0.03,149.63072001027484
LONG,2025-06-05 11:20:00+00:00,2025-06-05 11:25:00+00:00,2025-06-05 11:40:00+00:00,104848.70554801001,104806.76606579081,104663.29924921662,104992.18075080338,105156.62150159676,0.0014274971175678504,0.061230271570734615,0.061230271570734615,0.0,0.09116451656083059,0.0,0.23134837926179022,STOP,True,0.0,0.25,104976.43192369076,1.5,0.0,0.0,0.0,149.67122495050458,0.03,149.64129669116633
LONG,2025-06-08 04:25:00+00:00,2025-06-08 04:30:00+00:00,2025-06-08 05:35:00+00:00,105601.33604401,105559.09550959239,105437.25381918388,105723.18618083611,105866.15236166223,0.0014173406117102168,0.04517852888483663,0.04517852888483663,0.0,0.07511314133004592,0.0,0.19426578518470164,STOP,True,0.0,1.0833333333333333,105707.327702909,1.5,0.0,0.0,0.0,149.6730622260333,0.03,149.64313359931344
LONG,2025-06-08 14:05:00+00:00,2025-06-08 14:15:00+00:00,2025-06-08 16:20:00+00:00,105821.16000001,106261.18052129267,105561.43895521194,106038.56104480806,106277.12208960611,0.0014144091583664072,0.4536828985949445,0.4536828985949445,0.0,0.14249837100926033,0.0,1.2350092431338966,TP2,True,0.0,2.0833333333333335,106261.18052129267,1.5,0.0,0.0,0.0,149.67441785297106,0.03,149.64448895518
LONG,2025-06-08 23:15:00+00:00,2025-06-08 23:20:00+00:00,2025-06-09 00:35:00+00:00,105806.09698801,105763.7745492148,105618.67162085866,105951.20837916134,106117.47675831268,0.0014147391816086837,0.061467779729909314,0.061467779729909314,0.0,0.09140538594231658,0.0,0.2318156619351749,STOP,True,0.0,1.25,105935.31569790447,1.5,0.0,0.0,0.0,149.68803106202628,0.03,149.65809944213785
LONG,2025-06-09 08:30:00+00:00,2025-06-09 08:35:00+00:00,2025-06-09 08:35:00+00:00,105653.14640401,105762.24122679613,105558.97602852121,105705.06397149879,105778.10794298758,0.001416804710120242,0.10282929902574338,0.10282929902574338,0.0,0.025546269639177218,0.0,0.7707128166675632,TP2,True,0.0,0.0,105762.24122679613,1.5,0.0,0.0,0.0,149.68987546422485,0.03,149.65994347552976
LONG,2025-06-09 14:10:00+00:00,2025-06-09 14:15:00+00:00,2025-06-11 11:00:00+00:00,107561.94808801,108870.49261718582,106867.24717949901,108213.63282052099,108886.82564103197,0.0013916906826351707,1.3527214068193947,1.3527214068193947,0.0,0.4421767922857856,0.0,1.399161274260072,TP2,True,0.0,44.75,108870.49261718582,1.5,0.0,0.0,0.0,149.69296096017143,0.03,149.66302835450054
LONG,2025-06-11 12:25:00+00:00,2025-06-11 12:30:00+00:00,2025-06-11 12:30:00+00:00,109311.31789201,109826.85329498243,109012.52510278921,109566.3948972308,109843.3297944516,0.0013697900053371243,0.5165323659170963,0.5165323659170963,0.0,0.1634447447225584,0.0,1.2620409129106076,TP2,True,0.0,0.0,109826.85329498243,1.5,0.0,0.0,0.0,149.73355071870446,0.03,149.70360999670513
LONG,2025-06-11 15:20:00+00:00,2025-06-11 15:25:00+00:00,2025-06-11 16:05:00+00:00,109855.96680001,109621.04077047516,109664.90673316842,110003.09326685157,110172.18653369315,0.0013631398835303185,-0.32023704053837615,-0.32023704053837615,0.0,0.0,0.0,-1.2295925224899802,STOP,False,0.0,0.6666666666666666,,1.5,0.0,0.0,0.0,149.7490497888762,0.03,149.71910596768262
LONG,2025-06-12 00:40:00+00:00,2025-06-12 00:45:00+00:00,2025-06-12 03:15:00+00:00,108718.36932601,108269.67239948212,108312.99759852153,109080.26240149848,109463.89480298695,0.0013773149991536324,-0.6179970069809775,-0.6179970069809775,0.0,0.0,0.0,-1.1068777028625854,STOP,False,0.0,2.5,,1.5,0.0,0.0,0.0,149.73944075623774,0.03,149.70949885646647
LONG,2025-06-12 16:40:00+00:00,2025-06-12 16:45:00+00:00,2025-06-12 18:40:00+00:00,107738.31335401001,107695.2180286684,107329.71074703698,108103.82925298302,108490.88850595604,0.00138967181197731,0.2127622280675865,0.2127622280675865,0.0,0.2427064074951987,0.0,0.3746978041964309,STOP,True,0.0,1.9166666666666667,108087.61367859508,1.5,0.0,0.0,0.0,149.7208971380463,0.03,149.69095894625704
LONG,2025-06-23 01:10:00+00:00,2025-06-23 01:15:00+00:00,2025-06-23 01:25:00+00:00,100908.11758801,100593.62822739367,100633.88178010572,101141.99821991428,101396.05643981857,0.0014837981805663218,-0.4666387410899892,-0.4666387410899892,0.0,0.0,0.0,-1.1467844517448933,STOP,False,0.0,0.16666666666666666,,1.5,0.0,0.0,0.0,149.7272812814617,0.03,149.6973418130991
LONG,2025-06-23 01:30:00+00:00,2025-06-23 01:40:00+00:00,2025-06-23 02:25:00+00:00,100831.48226401,101297.5566813968,100560.60320279702,101062.03679722299,101312.75359443597,0.0014847870521966337,0.5059186527400584,0.5059186527400584,0.0,0.1599080225920528,0.0,1.2578854231637855,TP2,True,0.0,0.75,101297.5566813968,1.5,0.0,0.0,0.0,149.71327931939658,0.03,149.6833426508664
LONG,2025-06-25 08:50:00+00:00,2025-06-25 08:55:00+00:00,2025-06-25 09:40:00+00:00,106519.98973801,106477.3817421148,106136.50413505129,106860.87586496871,107223.06172992742,0.0014056371980766577,0.19836984653770567,0.19836984653770567,0.0,0.22831553852060324,0.0,0.36800468844999096,STOP,True,0.0,0.75,106844.84673358896,1.5,0.0,0.0,0.0,149.7284599144907,0.03,149.6985202104486
LONG,2025-06-25 10:00:00+00:00,2025-06-25 10:05:00+00:00,2025-06-25 12:55:00+00:00,106767.95932201,107310.5418796539,106456.59456212237,107036.62543789763,107326.64087578526,0.001402428342275513,0.5576007264088343,0.5576007264088343,0.0,0.17713414797676674,0.0,1.276947943631746,TP2,True,0.0,2.8333333333333335,107310.5418796539,1.5,0.0,0.0,0.0,149.7344122001059,0.03,149.70447130584472
LONG,2025-06-26 19:00:00+00:00,2025-06-26 19:15:00+00:00,2025-06-26 21:10:00+00:00,107560.89787801,107517.8735188588,107217.7835469187,107860.9964531013,108182.6029061926,0.001392245198039742,0.16769249976364664,0.16769249976364664,0.0,0.19764272847714237,0.0,0.3510419773285888,STOP,True,0.0,1.9166666666666667,107844.81730363333,1.5,0.0,0.0,0.0,149.7511435675025,0.03,149.72119932763698
LONG,2025-07-02 18:00:00+00:00,2025-07-02 18:15:00+00:00,2025-07-02 23:40:00+00:00,109320.85980001,108779.62935211207,108823.15861555829,109774.8413844617,110250.68276891341,0.0013698774014640226,-0.7414193595596322,-0.7414193595596322,0.0,0.0,0.0,-1.087460638644406,STOP,False,0.0,5.416666666666667,,1.5,0.0,0.0,0.0,149.75617534865043,0.03,149.7262301026299
LONG,2025-07-03 04:10:00+00:00,2025-07-03 04:15:00+00:00,2025-07-03 06:05:00+00:00,108889.18348201,109408.28797144727,108588.76416166562,109146.05583835438,109424.70167669877,0.0013751037847031483,0.5222678121530208,0.5222678121530208,0.0,0.16535653811223439,0.0,1.26424115555404,TP2,True,0.0,1.8333333333333333,109408.28797144727,1.5,0.0,0.0,0.0,149.73392831934748,0.03,149.70398752184312
LONG,2025-07-03 15:10:00+00:00,2025-07-03 15:15:00+00:00,2025-07-03 15:35:00+00:00,109593.71436001,109272.5929268789,109316.31945466077,109827.28054535923,110082.76109070846,0.0013664068269043134,-0.43878251849561994,-0.43878251849561994,0.0,0.0,0.0,-1.157632771686332,STOP,False,0.0,0.3333333333333333,,1.5,0.0,0.0,0.0,149.74959948731893,0.03,149.7196555562077
LONG,2025-07-03 17:00:00+00:00,2025-07-03 17:05:00+00:00,2025-07-04 00:20:00+00:00,109525.49071801,109481.6805217228,109158.5378082509,109848.64219176909,110193.69438352819,0.0013671377539370094,0.17968563638547297,0.17968563638547297,0.0,0.20963292306128567,0.0,0.35817127232440676,STOP,True,0.0,7.25,109832.16489544032,1.5,0.0,0.0,0.0,149.73643337906896,0.03,149.70649208065282
LONG,2025-07-10 14:30:00+00:00,2025-07-10 14:35:00+00:00,2025-07-10 16:20:00+00:00,111102.50605801,111811.9291953097,110706.08324959758,111454.4967504224,111828.70350083482,0.0013477808047650123,0.704010375449683,0.704010375449683,0.0,0.22593693199532702,0.0,1.31765331488281,TP2,True,0.0,1.75,111811.9291953097,1.5,0.0,0.0,0.0,149.74182502627437,0.03,149.7118826497444
LONG,2025-07-12 17:00:00+00:00,2025-07-12 17:05:00+00:00,2025-07-14 03:40:00+00:00,117282.74185800999,120303.10605307839,115728.35788690882,118790.22211311116,120321.15422621233,0.0012769393619984834,2.8795148084311895,2.8795148084311895,0.0,0.951103844304339,0.0,1.4507438318659356,TP2,True,0.0,34.583333333333336,120303.10605307839,1.5,0.0,0.0,0.0,149.7629495616001,0.03,149.7330029610079
LONG,2025-07-14 08:15:00+00:00,2025-07-14 08:20:00+00:00,2025-07-14 09:10:00+00:00,122554.56601201,122246.54075165812,122295.45893523221,122764.66106478778,122999.26212956557,0.0012227153761717624,-0.3766272220815476,-0.3766272220815476,0.0,0.0,0.0,-1.188795243196087,STOP,False,0.0,0.8333333333333334,,1.5,0.0,0.0,0.0,149.84935228294188,0.03,149.81938840526084
LONG,2025-07-17 05:15:00+00:00,2025-07-17 05:20:00+00:00,2025-07-17 06:00:00+00:00,118470.71940601,118735.52876685782,118293.87411595347,118600.18588406652,118753.34176812305,0.0012647686445880974,0.23808372445630324,0.23808372445630324,0.0,0.07062243625943251,0.0,1.0644496409867115,TP2,True,0.0,0.6666666666666666,118735.52876685782,1.5,0.0,0.0,0.0,149.83805120651607,0.03,149.80808958859836
LONG,2025-07-20 00:35:00+00:00,2025-07-20 00:50:00+00:00,2025-07-20 01:20:00+00:00,117892.94387401,118193.01815582585,117698.68011586944,118040.05988415054,118210.74976829109,0.0012710276817490358,0.2729432062678931,0.2729432062678931,0.0,0.0822418468834417,0.0,1.1054153566385017,TP2,True,0.0,0.5,118193.01815582585,1.5,0.0,0.0,0.0,149.84519514675213,0.03,149.81523210033205
LONG,2025-07-20 04:10:00+00:00,2025-07-20 04:15:00+00:00,2025-07-20 04:35:00+00:00,118068.00888000999,118020.78167645799,117929.7541397138,118159.04586030619,118273.69172060238,0.00126921243529136,0.016554286939428047,0.016554286939428047,0.0,0.04652496395554539,0.0,0.09434005593319716,STOP,True,0.0,0.3333333333333333,118141.32200342714,1.5,0.0,0.0,0.0,149.8533850805994,0.03,149.8234203965201
LONG,2025-07-20 18:00:00+00:00,2025-07-20 18:05:00+00:00,2025-07-20 19:55:00+00:00,118257.59679001,118210.29375129398,117952.53242561163,118515.36757440836,118796.78514880672,0.0012671818629515093,0.1220869157121387,0.1220869157121387,0.0,0.15205769207384956,0.0,0.3158193205001409,STOP,True,0.0,1.8333333333333333,118497.5902692722,1.5,0.0,0.0,0.0,149.8538818085333,0.03,149.82391702512828
LONG,2025-07-23 03:20:00+00:00,2025-07-23 03:25:00+00:00,2025-07-23 03:45:00+00:00,119013.96803401,118778.01539563191,118825.54561387746,119154.79438614253,119319.41877227506,0.001259159303937351,-0.29710195990233773,-0.29710195990233773,0.0,0.0,0.0,-1.2522535174535752,STOP,False,0.0,0.3333333333333333,,1.5,0.0,0.0,0.0,149.85754514852616,0.03,149.82757963259965
LONG,2025-07-24 10:45:00+00:00,2025-07-24 10:50:00+00:00,2025-07-24 12:20:00+00:00,118406.06647801,118358.7040514188,117984.9486938451,118779.83130617489,119177.27261233979,0.0012655485885509654,0.19526492571626525,0.19526492571626525,0.0,0.225234651777691,0.0,0.3663885004164411,STOP,True,0.0,1.5,118762.01433147896,1.5,0.0,0.0,0.0,149.84863030711733,0.03,149.81866657380257
LONG,2025-07-24 15:40:00+00:00,2025-07-24 15:45:00+00:00,2025-07-24 16:35:00+00:00,119113.15786800999,118548.72499635733,118596.16346174202,119582.51653827797,120075.69307654594,0.0012580851025084318,-0.7101045871922719,-0.7101045871922719,0.0,0.0,0.0,-1.09175817921733,STOP,False,0.0,0.8333333333333334,,1.5,0.0,0.0,0.0,149.85448942647838,0.03,149.82452452157406
LONG,2025-07-31 13:45:00+00:00,2025-07-31 13:50:00+00:00,2025-07-31 17:55:00+00:00,118520.20930201,117689.94635867787,117737.04117514793,119255.97882487206,120015.44764973412,0.0012641994383121129,-1.0496179466118367,-1.0496179466118367,0.0,0.0,0.0,-1.0601337246176605,STOP,False,0.0,4.083333333333333,,1.5,0.0,0.0,0.0,149.8331820282351,0.03,149.8032213839583
LONG,2025-08-13 07:50:00+00:00,2025-08-13 07:55:00+00:00,2025-08-13 08:10:00+00:00,119508.89700001,119847.35123688745,119294.83448174353,119675.16551827647,119865.33103654294,0.0012534772803745023,0.3050784956552978,0.3050784956552978,0.0,0.09295614746910699,0.0,1.1369843825490364,TP2,True,0.0,0.25,119847.35123688745,1.5,0.0,0.0,0.0,149.80168719212904,0.03,149.77173284555994
LONG,2025-08-13 15:35:00+00:00,2025-08-13 15:40:00+00:00,2025-08-13 19:55:00+00:00,121136.47245001,122780.5838810865,120268.87313419188,121955.62686582812,122799.00373164624,0.0012367112757001645,1.5118625315348366,1.5118625315348366,0.0,0.4952169588749178,0.0,1.4090447389064582,TP2,True,0.0,4.25,122780.5838810865,1.5,0.0,0.0,0.0,149.8108413774697,0.03,149.7808852004296
LONG,2025-08-13 21:55:00+00:00,2025-08-13 22:00:00+00:00,2025-08-13 22:40:00+00:00,122726.06030401001,123475.68439932688,122305.17573471177,123097.86426530824,123494.20853060647,0.0012210626329353007,0.6733936825603342,0.6733936825603342,0.0,0.21572469679065134,0.0,1.3102920104843843,TP2,True,0.0,0.6666666666666666,123475.68439932688,1.5,0.0,0.0,0.0,149.85620632459094,0.03,149.82624107637568
LONG,2025-08-14 00:55:00+00:00,2025-08-14 01:00:00+00:00,2025-08-14 01:15:00+00:00,123932.54155200999,123449.82510341036,123499.2247933277,124316.29520669229,124724.83041337458,0.0012093386474490411,-0.5837676570508844,-0.5837676570508844,0.0,0.0,0.0,-1.1140036449722353,STOP,False,0.0,0.25,,1.5,0.0,0.0,0.0,149.87641217542986,0.03,149.8464428868525
LONG,2025-08-14 02:45:00+00:00,2025-08-14 02:50:00+00:00,2025-08-14 04:10:00+00:00,123739.73299801,123236.98318060931,123286.2976996892,124143.68230033081,124572.37460065162,0.001211081453081222,-0.6088709793939473,-0.6088709793939473,0.0,0.0,0.0,-1.1087575653296227,STOP,False,0.0,1.3333333333333333,,1.5,0.0,0.0,0.0,149.8588956431124,0.03,149.82892985714096
LONG,2025-08-17 22:30:00+00:00,2025-08-17 22:35:00+00:00,2025-08-17 23:15:00+00:00,118014.79824001,117734.36919313738,117781.48178585172,118200.91821416827,118410.63642832654,0.0012696765837430794,-0.3560541942155623,-0.3560541942155623,0.0,0.0,0.0,-1.201925718802425,STOP,False,0.0,0.6666666666666666,,1.5,0.0,0.0,0.0,149.84062586050467,0.03,149.81066372775913
LONG,2025-08-20 19:05:00+00:00,2025-08-20 19:10:00+00:00,2025-08-20 20:55:00+00:00,113792.64397801,114370.87601175644,113460.8178915705,114078.96210844949,114388.03421688898,0.0013166926864561397,0.5579079189975202,0.5579079189975202,0.0,0.17723097404322585,0.0,1.2769314326107981,TP2,True,0.0,1.75,114370.87601175644,1.5,0.0,0.0,0.0,149.82994209835306,0.03,149.79998210193267
LONG,2025-08-23 09:50:00+00:00,2025-08-23 09:55:00+00:00,2025-08-23 11:50:00+00:00,115735.49247001001,115362.38660333898,115408.55002334832,116016.14997667169,116319.94995333337,0.001294734048176272,-0.4830728691532998,-0.4830728691532998,0.0,0.0,0.0,-1.1411973895733025,STOP,False,0.0,1.9166666666666667,,1.5,0.0,0.0,0.0,149.84668268337052,0.03,149.8167193395026
LONG,2025-08-23 22:00:00+00:00,2025-08-23 22:05:00+00:00,2025-08-24 00:40:00+00:00,115168.14902401,115490.91719583375,114963.55828384068,115326.6817161793,115508.24343234861,0.0013009863305836582,0.30183003974171807,0.30183003974171807,0.0,0.09187154999662467,0.0,1.1339757150095124,TP2,True,0.0,2.5833333333333335,115490.91719583375,1.5,0.0,0.0,0.0,149.83218759885867,0.03,149.802227153428
LONG,2025-08-24 04:05:00+00:00,2025-08-24 04:10:00+00:00,2025-08-24 06:05:00+00:00,115219.89937201,114850.86609272056,114896.82482264962,115496.89517737037,115796.93035473075,0.0013004806038515915,-0.4799206218916552,-0.4799206218916552,0.0,0.0,0.0,-1.1422542568581995,STOP,False,0.0,1.9166666666666667,,1.5,0.0,0.0,0.0,149.84124431103118,0.03,149.81128205462025
LONG,2025-08-27 15:40:00+00:00,2025-08-27 15:45:00+00:00,2025-08-27 18:20:00+00:00,111879.42141001,112607.72575221724,111473.265277448,112240.834722572,112624.61944513401,0.0013391814323366307,0.7183915117424079,0.7183915117424079,0.0,0.23072568565537027,0.0,1.3207747508244752,TP2,True,0.0,2.5833333333333335,112607.72575221724,1.5,0.0,0.0,0.0,149.8268438128507,0.03,149.7968844359635
LONG,2025-08-31 16:35:00+00:00,2025-08-31 16:40:00+00:00,2025-08-31 18:45:00+00:00,108786.27290401001,109195.14498194847,108541.01664453745,108988.02335548255,109211.5267109551,0.0013774568782292426,0.4092936288882912,0.4092936288882912,0.0,0.12769180085218368,0.0,1.2115375305521394,TP2,True,0.0,2.0833333333333335,109195.14498194847,1.5,0.0,0.0,0.0,149.84839986855206,0.03,149.8184361813158
LONG,2025-09-02 19:35:00+00:00,2025-09-02 19:40:00+00:00,2025-09-02 20:15:00+00:00,110712.13800001,111258.50958052366,110397.39956968861,110982.60043033138,111275.20086065277,0.001353606603940455,0.5415689471298645,0.5415689471298645,0.0,0.17178285733552745,0.0,1.2711930664987232,TP2,True,0.0,0.5833333333333334,111258.50958052366,1.5,0.0,0.0,0.0,149.86068113318055,0.03,149.83071499018249
LONG,2025-09-09 17:55:00+00:00,2025-09-09 18:00:00+00:00,2025-09-09 18:10:00+00:00,111094.42444201,110924.68326453099,110969.07089288815,111175.34910713186,111278.48821425371,0.0013490949901742559,-0.22899697216321013,-0.22899697216321013,0.0,0.0,0.0,-1.3540994943351143,STOP,False,0.0,0.16666666666666666,,1.5,0.0,0.0,0.0,149.8769314510081,0.03,149.84696205859638
LONG,2025-09-10 09:20:00+00:00,2025-09-10 09:25:00+00:00,2025-09-10 12:30:00+00:00,112414.52841001,113011.66991409697,112073.76289615093,112710.33710386907,113028.62420772813,0.0013331912012408186,0.5839668412952804,0.5839668412952804,0.0,0.18591494172304804,0.0,1.2854053766467606,TP2,True,0.0,3.0833333333333335,113011.66991409697,1.5,0.0,0.0,0.0,149.87006016786134,0.03,149.84009214943148
LONG,2025-09-11 00:45:00+00:00,2025-09-11 00:50:00+00:00,2025-09-11 01:35:00+00:00,113909.15727601001,113863.59361309961,113686.97779009886,114085.78220992115,114285.1844198323,0.0013158519144664813,0.07496961255929713,0.07496961255929713,0.0,0.10494712909467303,0.0,0.25643322380092576,STOP,True,0.0,0.75,114068.66934258967,1.5,0.0,0.0,0.0,149.8875826769013,0.03,149.85761115467034
LONG,2025-09-24 16:15:00+00:00,2025-09-24 16:20:00+00:00,2025-09-24 19:25:00+00:00,113555.30652001001,113509.88439740201,113180.16026758823,113885.03973243177,114237.47946485355,0.0013199720630288916,0.17636696756845172,0.17636696756845172,0.0,0.20634493401146634,0.0,0.35616553827845815,STOP,True,0.0,3.0833333333333335,113867.9569764719,1.5,0.0,0.0,0.0,149.88983221509577,0.03,149.85986024304714
LONG,2025-09-28 07:40:00+00:00,2025-09-28 07:45:00+00:00,2025-09-28 09:15:00+00:00,109567.42910401,109367.50444833521,109411.26895591758,109679.77104410242,109814.02208819485,0.0013680628039563873,-0.27350948502247757,-0.27350948502247757,0.0,0.0,0.0,-1.2802540092140784,STOP,False,0.0,1.5,,1.5,0.0,0.0,0.0,149.89512428232462,0.03,149.86515125207418
LONG,2025-09-30 14:15:00+00:00,2025-09-30 14:20:00+00:00,2025-09-30 16:40:00+00:00,113396.37474001,112853.07531000479,112898.23460384633,113849.16539617366,114324.63079233732,0.0013217963775329754,-0.7181312184966152,-0.7181312184966152,0.0,0.0,0.0,-1.0906558025806299,STOP,False,0.0,2.3333333333333335,,1.5,0.0,0.0,0.0,149.88691735671702,0.03,149.8569459675235
LONG,2025-10-14 19:00:00+00:00,2025-10-14 19:05:00+00:00,2025-10-14 19:35:00+00:00,113081.96187001001,113036.729085262,112648.50160791713,113470.19839210287,113881.04678419574,0.0013252809434244524,0.2160096664450826,0.2160096664450826,0.0,0.24598274026735797,0.0,0.37602432805731795,STOP,True,0.0,0.5,113453.17786234406,1.5,0.0,0.0,0.0,149.8653691113748,0.03,149.83540203096862
LONG,2025-10-15 07:10:00+00:00,2025-10-15 07:15:00+00:00,2025-10-15 08:30:00+00:00,112664.63842201,113398.83913467477,112255.23924381418,113028.98075620581,113415.85151240163,0.0013302474742434127,0.7193903180044339,0.7193903180044339,0.0,0.23105599619942466,0.0,1.3209463493717917,TP2,True,0.0,1.25,113398.83913467477,1.5,0.0,0.0,0.0,149.87185069742614,0.03,149.84188232096196
LONG,2025-10-21 09:45:00+00:00,2025-10-21 09:50:00+00:00,2025-10-21 10:00:00+00:00,107839.24353600999,107603.8754120681,107646.9341857424,107988.42581427758,108159.17162854517,0.0013899711441619615,-0.3271549005347698,-0.3271549005347698,0.0,0.0,0.0,-1.2239036927449918,STOP,False,0.0,0.16666666666666666,,1.5,0.0,0.0,0.0,149.8934367233082,0.03,149.86346403050212
LONG,2025-10-21 10:00:00+00:00,2025-10-21 10:05:00+00:00,2025-10-21 10:45:00+00:00,107871.57000001,108374.2381562511,107579.75163463464,108120.24836538536,108390.49673076071,0.0013894636011448508,0.5107171355926436,0.5107171355926436,0.0,0.16149758231684588,0.0,1.259565146655608,TP2,True,0.0,0.6666666666666666,108374.2381562511,1.5,0.0,0.0,0.0,149.88362011336275,0.03,149.85364938348604
LONG,2025-10-24 21:00:00+00:00,2025-10-24 21:15:00+00:00,2025-10-29 16:10:00+00:00,111061.21780201,111016.79331488919,108113.52473935757,113964.49526066241,116889.98052131484,0.0013496965696788933,1.917755712822378,1.917755712822378,0.0,1.9477355017607263,0.0,0.482030902953887,STOP,True,0.0,114.91666666666667,113947.40058637332,1.5,0.0,0.0,0.0,149.89894469173333,0.03,149.86897089755382
LONG,2025-11-07 23:35:00+00:00,2025-11-07 23:40:00+00:00,2025-11-07 23:55:00+00:00,103585.62298201,103280.81941738116,103322.14827669183,103807.67172332817,104050.43344664633,0.0014476573539138307,-0.4412511218340805,-0.4412511218340805,0.0,0.0,0.0,-1.1568608237392752,STOP,False,0.0,0.25,,1.5,0.0,0.0,0.0,149.95648886965228,0.03,149.9265035689385
LONG,2025-11-15 17:15:00+00:00,2025-11-15 17:20:00+00:00,2025-11-15 17:20:00+00:00,95957.28762001,96313.7957814193,95743.02749092899,96133.17250909102,96328.24501817203,0.001562604075286751,0.40469341864029773,0.40469341864029773,0.0,0.12615286569471285,0.0,1.2087481624220455,TP2,True,0.0,0.0,96313.7957814193,1.5,0.0,0.0,0.0,149.9432486884905,0.03,149.91326603528347
LONG,2025-11-19 14:30:00+00:00,2025-11-19 14:35:00+00:00,2025-11-19 15:20:00+00:00,91633.20297601,91596.5496948196,90925.01739933848,92304.74260068152,92994.60520135304,0.001636474411556576,0.5081585514769311,0.5081585514769311,0.0,0.5381496298607727,0.0,0.4384730871037453,STOP,True,0.0,0.75,92290.89688929141,1.5,0.0,0.0,0.0,149.95539191921026,0.03,149.9254068378427
LONG,2025-11-22 21:15:00+00:00,2025-11-22 21:20:00+00:00,2025-11-22 22:45:00+00:00,84386.29388401,84748.92477966505,84173.31048725556,84565.52951276443,84761.63902551887,0.0017771919208922995,0.47022871650356124,0.47022871650356124,0.0,0.14799636749151526,0.0,1.242307388854107,TP2,True,0.0,1.4166666666666667,84748.92477966505,1.5,0.0,0.0,0.0,149.97063972470582,0.03,149.94065159438696
LONG,2025-11-23 05:50:00+00:00,2025-11-23 05:55:00+00:00,2025-11-23 06:50:00+00:00,86271.50085001,85902.33004254977,85936.70472443955,86571.79527558044,86889.34055115089,0.0017385202289262815,-0.6418109166986438,-0.6418109166986438,0.0,0.0,0.0,-1.1026734757793526,STOP,False,0.0,0.9166666666666666,,1.5,0.0,0.0,0.0,149.98474940757328,0.03,149.9547584558821
LONG,2025-11-25 03:50:00+00:00,2025-11-25 03:55:00+00:00,2025-11-25 04:50:00+00:00,87793.24513801,88481.03686497657,87416.37949420084,88135.00050581916,88494.31101162832,0.00170816662481792,0.8680277980114115,0.8680277980114115,0.0,0.2805963615963179,0.0,1.3483941311648642,TP2,True,0.0,0.9166666666666666,88481.03686497657,1.5,0.0,0.0,0.0,149.9654912292068,0.03,149.93550412838113
LONG,2025-11-25 16:25:00+00:00,2025-11-25 16:30:00+00:00,2025-11-25 18:55:00+00:00,87217.44000001,87182.55302400999,86620.77296180677,87779.22703821323,88358.45407641646,0.00171974248809982,0.44174438700339896,0.44174438700339896,0.0,0.4717426944576659,0.0,0.4305023951838527,STOP,True,0.0,2.4166666666666665,87766.0601541575,1.5,0.0,0.0,0.0,149.99153727131394,0.03,149.96154496232148
LONG,2025-11-25 20:40:00+00:00,2025-11-25 20:45:00+00:00,2025-11-25 22:00:00+00:00,87220.33057801,86795.27166534367,86830.00366681039,87575.77633320961,87948.66266640922,0.001719837465179358,-0.7310322429119721,-0.7310322429119721,0.0,0.0,0.0,-1.0889818264387046,STOP,False,0.0,1.25,,1.5,0.0,0.0,0.0,150.00479225339038,0.03,149.97479729393157
LONG,2025-11-26 00:40:00+00:00,2025-11-26 00:45:00+00:00,2025-11-26 00:55:00+00:00,87565.33956601,87530.3134301836,87315.04428667224,87780.61571334775,88013.40142668551,0.0017128107724272217,0.14309071190806213,0.14309071190806213,0.0,0.1730872832880497,0.0,0.33377161486305856,STOP,True,0.0,0.16666666666666666,87767.44862099075,1.5,0.0,0.0,0.0,149.98285689990956,0.03,149.95286632664423
LONG,2025-11-26 01:10:00+00:00,2025-11-26 01:15:00+00:00,2025-11-26 01:35:00+00:00,87543.55521001,87990.43549658921,87287.25697901724,87764.84302100276,88003.63604199552,0.0017132860336777943,0.5611040638748697,0.5611040638748697,0.0,0.17828718701382473,0.0,1.277814849875642,TP2,True,0.0,0.3333333333333333,87990.43549658921,1.5,0.0,0.0,0.0,149.98715047981105,0.03,149.95715904800144
LONG,2025-11-26 06:00:00+00:00,2025-11-26 06:05:00+00:00,2025-11-26 07:55:00+00:00,87591.29475601,87896.9043239446,87405.62458122987,87741.93541879012,87910.09083757024,0.0017125444644492973,0.3794047560719985,0.3794047560719985,0.0,0.11771976914742509,0.0,1.1932151755838603,TP2,True,0.0,1.8333333333333333,87896.9043239446,1.5,0.0,0.0,0.0,150.00398696835168,0.03,149.9739921699177
LONG,2025-11-29 00:35:00+00:00,2025-11-29 00:40:00+00:00,2025-11-29 02:30:00+00:00,91000.38643801,90719.74228756315,90756.04470544533,91208.33529457467,91434.48058913935,0.0016485135641666065,-0.46264568871565104,-0.46264568871565104,0.0,0.0,0.0,-1.1485723191905872,STOP,False,0.0,1.8333333333333333,,1.5,0.0,0.0,0.0,150.01537138746238,0.03,149.98537431259987
LONG,2025-11-29 04:45:00+00:00,2025-11-29 04:50:00+00:00,2025-11-29 06:20:00+00:00,90873.95115600999,90515.90970801073,90552.13056023483,91159.42943978516,91463.07887956033,0.001650654421126778,-0.5910026990866143,-0.5910026990866143,0.0,0.0,0.0,-1.1125498265170182,STOP,False,0.0,1.5,,1.5,0.0,0.0,0.0,150.0014892409268,0.03,149.9714949419384
LONG,2025-11-29 11:50:00+00:00,2025-11-29 11:55:00+00:00,2025-11-29 15:20:00+00:00,90716.42965800999,91122.4773003489,90479.36113876135,90917.21886125863,91136.14772250727,0.0016533251603855958,0.49037563312028576,0.49037563312028576,0.0,0.1547112414232045,0.0,1.25111352751184,TP2,True,0.0,3.4166666666666665,91122.4773003489,1.5,0.0,0.0,0.0,149.983755613938,0.03,149.9537648609658
LONG,2025-11-29 20:25:00+00:00,2025-11-29 20:30:00+00:00,2025-11-29 23:10:00+00:00,90749.03617800999,90712.73656353878,90410.98659267099,91050.793407349,91370.69681468801,0.0016528932553173772,0.20809925742023677,0.20809925742023677,0.0,0.23809895138527779,0.0,0.3724305645933345,STOP,True,0.0,2.6666666666666665,91037.1357883379,1.5,0.0,0.0,0.0,149.99846982518537,0.03,149.96847612995938
LONG,2025-11-30 05:50:00+00:00,2025-11-30 05:55:00+00:00,2025-12-02 01:40:00+00:00,90876.91174801001,90840.5609833108,90686.5912260976,91030.8887739224,91203.0375478348,0.0016506361315121194,0.08580966282953359,0.08580966282953359,0.0,0.11581060563983718,0.0,0.27314875677185313,STOP,True,0.0,43.75,91017.2341406063,1.5,0.0,0.0,0.0,150.00471405150353,0.03,149.97471910768198
LONG,2025-12-03 06:55:00+00:00,2025-12-03 07:00:00+00:00,2025-12-03 07:15:00+00:00,93518.66999401,93098.83826518808,93136.09270226899,93863.84729775101,94227.72459549202,0.0016040357381670908,-0.6734250970468205,-0.6734250970468205,0.0,0.0,0.0,-1.097377544054875,STOP,False,0.0,0.25,,1.5,0.0,0.0,0.0,150.0072888562464,0.03,149.97729339756688
LONG,2025-12-03 11:15:00+00:00,2025-12-03 11:20:00+00:00,2025-12-03 14:00:00+00:00,92960.90846401,92923.7241006244,92647.79703496108,93236.84296505892,93531.36593010784,0.0016134425162255403,0.18132238994146532,0.18132238994146532,0.0,0.2113198063540224,0.0,0.3589211225877099,STOP,True,0.0,2.6666666666666665,93222.85743861417,1.5,0.0,0.0,0.0,149.98708206278442,0.03,149.9570906446555
LONG,2025-12-09 07:05:00+00:00,2025-12-09 07:20:00+00:00,2025-12-09 13:40:00+00:00,90333.06300001,90296.92977481,89806.71615939774,90823.28384062226,91331.56768123452,0.0016604388010445345,0.3656818600126013,0.3656818600126013,0.0,0.3956803645770808,0.0,0.41841623132361766,STOP,True,0.0,6.333333333333333,90809.66034804616,1.5,0.0,0.0,0.0,149.99252282241702,0.03,149.96253031635374
LONG,2025-12-12 13:30:00+00:00,2025-12-12 13:35:00+00:00,2025-12-12 14:15:00+00:00,92374.42119000999,92192.02148318633,92228.9130484057,92482.9869516143,92610.0239032186,0.0016238639824736562,-0.2961923143247024,-0.2961923143247024,0.0,0.0,0.0,-1.2535360895453775,STOP,False,0.0,0.6666666666666666,,1.5,0.0,0.0,0.0,150.00349547230851,0.03,149.9735007721541
LONG,2025-12-14 01:50:00+00:00,2025-12-14 01:55:00+00:00,2025-12-14 04:40:00+00:00,90342.32485200999,90176.19815016515,90212.2830633905,90436.23693662949,90548.21387324898,0.0016602916536787322,-0.2758187765261657,-0.2758187765261657,0.0,0.0,0.0,-1.277487057110048,STOP,False,0.0,2.75,,1.5,0.0,0.0,0.0,149.9946079257249,0.03,149.96461500272434
LONG,2025-12-16 19:30:00+00:00,2025-12-16 19:35:00+00:00,2025-12-16 20:05:00+00:00,87527.88207601,87492.87092317961,87244.58800748337,87776.17199253663,88041.96398506327,0.001713583467920165,0.17145459697388246,0.17145459697388246,0.0,0.20145186331537968,0.0,0.3531883652525918,STOP,True,0.0,0.5,87763.00556673776,1.5,0.0,0.0,0.0,149.98633170751648,0.03,149.95634043942857
LONG,2025-12-17 13:20:00+00:00,2025-12-17 13:25:00+00:00,2025-12-17 13:45:00+00:00,87029.84248801,87505.5282712989,86759.33196516032,87265.54803485968,87518.65606970935,0.0017234487859129172,0.6017434344071918,0.6017434344071918,0.0,0.19183339156455317,0.0,1.2907104141035013,TP2,True,0.0,0.3333333333333333,87505.5282712989,1.5,0.0,0.0,0.0,149.99147637415328,0.03,149.9614840773378
LONG,2025-12-20 01:05:00+00:00,2025-12-20 01:10:00+00:00,2025-12-20 05:15:00+00:00,88076.41176001,88356.07989478039,87903.53235247768,88214.06764754232,88369.33529507465,0.0017031748829231489,0.34411959758788396,0.34411959758788396,0.0,0.10595772624044085,0.0,1.1687103684689089,TP2,True,0.0,4.083333333333333,88356.07989478039,1.5,0.0,0.0,0.0,150.0095322876461,0.03,149.97953638037
LONG,2025-12-20 13:40:00+00:00,2025-12-20 13:45:00+00:00,2025-12-22 22:00:00+00:00,88209.90845401,88174.6244906284,87789.03686072864,88595.50313929137,88998.73627857273,0.001700714359300204,0.28658856414899325,0.28658856414899325,0.0,0.3165925357370514,0.0,0.4003850602047665,STOP,True,0.0,56.25,88582.21381382048,1.5,0.0,0.0,0.0,150.01985794029127,0.03,149.98985996829762
LONG,2025-12-23 19:30:00+00:00,2025-12-23 19:35:00+00:00,2025-12-23 19:45:00+00:00,87757.26794401,87722.1650368324,87605.97759031806,87873.46240970194,88007.20481939388,0.0017095844119995483,0.05804939957312988,0.05804939957312988,0.0,0.08805509103647526,0.0,0.22443776981037308,STOP,True,0.0,0.16666666666666666,87860.28139034049,1.5,0.0,0.0,0.0,150.02845731674716,0.03,149.9984576252221
LONG,2026-01-06 22:00:00+00:00,2026-01-06 22:05:00+00:00,2026-01-06 22:15:00+00:00,93403.54697401,93021.33720037894,93058.5606246288,93711.17937539119,94037.48875077239,0.0016062580491592827,-0.6139275253622268,-0.6139275253622268,0.0,0.0,0.0,-1.1078982525442524,STOP,False,0.0,0.16666666666666666,,1.5,0.0,0.0,0.0,150.03019914703071,0.03,150.00019910720928
LONG,2026-01-06 22:45:00+00:00,2026-01-06 22:50:00+00:00,2026-01-07 00:30:00+00:00,93305.65740001,93268.33513704999,92892.39431536011,93681.60568465988,94076.21136930976,0.0016077457875312996,0.26091606444203985,0.26091606444203985,0.0,0.29091841996958234,0.0,0.39269631488154777,STOP,True,0.0,1.6666666666666667,93667.55344380718,1.5,0.0,0.0,0.0,150.01177763770468,0.03,149.9817812814484
LONG,2026-01-07 03:40:00+00:00,2026-01-07 03:45:00+00:00,2026-01-07 04:15:00+00:00,92848.35595801,92632.25664781351,92669.32437756454,92990.25562245544,93150.7212449009,0.0016157486595990958,-0.3491621707902599,-0.3491621707902599,0.0,0.0,0.0,-1.2070457606350578,STOP,False,0.0,0.5,,1.5,0.0,0.0,0.0,150.01960668513436,0.03,149.98960876338168
LONG,2026-01-10 07:25:00+00:00,2026-01-10 07:30:00+00:00,2026-01-10 08:15:00+00:00,90532.37285401,90496.1599048684,90398.42682758202,90630.11317243798,90745.95634486596,0.001656966729094113,0.03971157075455793,0.03971157075455793,0.0,0.06971339669956055,0.0,0.1789259957490976,STOP,True,0.0,0.75,90616.51865546212,1.5,0.0,0.0,0.0,150.0091297250376,0.03,149.97913389825797
LONG,2026-01-10 16:30:00+00:00,2026-01-10 16:35:00+00:00,2026-01-10 17:40:00+00:00,90584.26323001,90548.02952471799,90503.19446254385,90629.10553747613,90692.06107494228,0.0016560307051295,-0.004128288851828761,-0.004128288851828761,0.0,0.025873775410257795,0.0,-0.03075021251906183,STOP,True,0.0,1.0833333333333333,90615.51117164551,1.5,0.0,0.0,0.0,150.0103213104297,0.03,149.9803252453806
LONG,2026-01-13 00:45:00+00:00,2026-01-13 00:50:00+00:00,2026-01-13 01:15:00+00:00,91304.80731001,91268.285387086,91134.09763787879,91439.00236214121,91591.45472427242,0.001642960560966524,0.06896924898068306,0.06896924898068306,0.0,0.09897128846808101,0.0,0.2459066255729134,STOP,True,0.0,0.4166666666666667,91425.2865117869,1.5,0.0,0.0,0.0,150.01019743699442,0.03,149.98020139671507
LONG,2026-01-13 10:20:00+00:00,2026-01-13 10:25:00+00:00,2026-01-13 10:40:00+00:00,92215.79947201,91999.90148362504,92036.71617009307,92358.00382992692,92518.64765984385,0.0016267523329753506,-0.351212556289908,-0.351212556289908,0.0,0.0,0.0,-1.2055729712037009,STOP,False,0.0,0.25,,1.5,0.0,0.0,0.0,150.01226692827936,0.03,149.98227047418453
LONG,2026-01-13 11:05:00+00:00,2026-01-13 11:10:00+00:00,2026-01-13 11:50:00+00:00,92156.84768400999,91874.00717317386,91910.77148176657,92366.06851825342,92593.71703649685,0.0016276785959372815,-0.4603734455519405,-0.4603734455519405,0.0,0.0,0.0,-1.1494021293304275,STOP,False,0.0,0.6666666666666666,,1.5,0.0,0.0,0.0,150.0017284443153,0.03,149.9717340974958
LONG,2026-01-14 02:55:00+00:00,2026-01-14 03:00:00+00:00,2026-01-14 03:20:00+00:00,95339.48408401,95301.3482903764,95195.5145518592,95445.32544816079,95570.23089631158,0.001573198302043922,0.04199556249330509,0.04199556249330509,0.0,0.07199314538904274,0.0,0.18541691044760905,STOP,True,0.0,0.3333333333333333,95431.00864934357,1.5,0.0,0.0,0.0,149.98791447870806,0.03,149.95792289412924
LONG,2026-01-16 05:00:00+00:00,2026-01-16 05:05:00+00:00,2026-01-16 15:25:00+00:00,95414.60910601,94756.2475014769,94794.16516754392,95996.89483247607,96598.25966494215,0.0015719728456982031,-1.0349265649763324,-1.0349265649763324,0.0,0.0,0.0,-1.0611137666374237,STOP,False,0.0,10.333333333333334,,1.5,0.0,0.0,0.0,149.98917459755623,0.03,149.95918276100403
LONG,2026-01-23 15:35:00+00:00,2026-01-23 15:40:00+00:00,2026-01-23 17:25:00+00:00,89198.36610601,90676.33107001307,88425.82771991644,89935.23228010355,90689.9345601971,0.0016811756441012175,1.8504203134283146,1.8504203134283146,0.0,0.608060963269868,0.0,1.4247452896068906,TP2,True,0.0,1.75,90676.33107001307,1.5,0.0,0.0,0.0,149.95812059104756,0.03,149.92813496405475
LONG,2026-01-24 01:00:00+00:00,2026-01-24 01:05:00+00:00,2026-01-24 02:55:00+00:00,89440.56453600999,89596.23935368696,89329.17959711107,89516.18040290891,89609.68080580783,0.001677243933792197,0.18270491353200835,0.18270491353200835,0.0,0.05215259173555113,0.0,0.9779744895006544,TP2,True,0.0,1.8333333333333333,89596.23935368696,1.5,0.0,0.0,0.0,150.01364430297224,0.03,149.98364757345757
LONG,2026-01-24 06:35:00+00:00,2026-01-24 06:40:00+00:00,2026-01-24 07:05:00+00:00,89592.91500001,89504.07176892638,89539.88772401599,89610.112276004,89645.224551998,0.0016744530139084209,-0.14876381605333233,-0.14876381605333233,0.0,0.0,0.0,-1.6754251358046932,STOP,False,0.0,0.4166666666666667,,1.5,0.0,0.0,0.0,150.0191265466077,0.03,149.98912872086353
LONG,2026-01-28 01:35:00+00:00,2026-01-28 01:40:00+00:00,2026-01-28 02:05:00+00:00,89246.92581601,89211.2270456836,89071.16213052883,89386.99786949117,89544.91573897234,0.0016808944551077421,0.07645147827730311,0.07645147827730311,0.0,0.1064544108252102,0.0,0.2587714101047585,STOP,True,0.0,0.4166666666666667,89373.58981981075,1.5,0.0,0.0,0.0,150.0146627395432,0.03,149.98466580638194
LONG,2026-02-06 18:35:00+00:00,2026-02-06 18:40:00+00:00,2026-02-07 00:00:00+00:00,70210.03920001,70181.95518433,69082.58677995365,71309.41322006634,72422.82644012269,0.002136688121128111,1.1330788651057226,1.1330788651057226,0.0,1.1630822564542351,0.0,0.4703496012454068,STOP,True,0.0,5.333333333333333,71298.71680808334,1.5,0.0,0.0,0.0,150.01695674260037,0.03,149.98695935073025
LONG,2026-02-07 01:25:00+00:00,2026-02-07 01:30:00+00:00,2026-02-07 02:50:00+00:00,70136.70453600999,70108.64985419558,69669.05458842285,70576.30541159713,71029.93082318427,0.0021394069895312334,0.4289080436542169,0.4289080436542169,0.0,0.4589182348356251,0.0,0.4286964534367692,STOP,True,0.0,1.3333333333333333,70565.71896578539,1.5,0.0,0.0,0.0,150.05095590702672,0.03,150.0209517166834
LONG,2026-02-09 15:30:00+00:00,2026-02-09 15:35:00+00:00,2026-02-09 16:10:00+00:00,69108.18887401,69080.54559846039,68697.80695481086,69490.93304520912,69887.49609040825,0.0021714333448292723,0.37422184310773715,0.37422184310773715,0.0,0.40423460825209645,0.0,0.4199469318304614,STOP,True,0.0,0.5833333333333334,69480.50940525235,1.5,0.0,0.0,0.0,150.06382572178464,0.03,150.03381895799302
LONG,2026-02-10 19:35:00+00:00,2026-02-10 19:45:00+00:00,2026-02-10 20:35:00+00:00,69269.13105601,68627.56140849141,68655.02341785855,69855.53658216144,70455.79316431288,0.002166550270438075,-1.3899928933362469,-1.3899928933362469,0.0,0.0,0.0,-1.044718560169362,STOP,False,0.0,0.8333333333333334,,1.5,0.0,0.0,0.0,150.0750546224089,0.03,150.04504561328625
