side,signal_ts,entry_ts,exit_ts,entry,exit,stop,tp1,tp2,qty,pnl_gross_usdt,pnl_net_usdt,fees_usdt,tp1_pnl_gross_usdt,tp1_fee_usdt,pnl_R,exit_reason,took_tp1,funding_cost_usdt,holding_hours,tp_fill_price,tp_bidask_half_spread_bps,fee_taker_rate_applied,fee_maker_rate_applied,fee_paid_usd,notional_usd,risk_per_trade,risk_usd,entry_fill_type,entry_slippage_bps_applied,exit_fill_type,exit_slippage_bps_applied,spread_half_bps_used,time_to_fill_steps_entry,time_to_fill_steps_exit
LONG,2025-05-19 21:45:00+00:00,2025-05-19 21:50:00+00:00,2025-05-20 00:15:00+00:00,105384.71272801,106123.97895934619,104980.81728820631,105746.46271181369,106129.28542361737,0.00028472820415085463,0.1559924598282939,0.1559924598282939,0.0,0.050747486609431465,0.0,1.3564511802075165,TP2,True,0.0,2.4166666666666665,106123.97895934619,0.5,0.0,0.0,0.0,30.005999999999997,0.03,30.0,market,2.0,maker_try,34.869235629679956,0.5,0,0
LONG,2025-05-20 01:00:00+00:00,2025-05-20 01:05:00+00:00,2025-05-20 02:45:00+00:00,106086.18299401,106043.7485208124,105550.31680317121,106579.62319684878,107094.27639368757,0.0002828896267428541,0.06303866451292846,0.06303866451292846,0.0,0.06904080065487804,0.0,0.41584704922672167,STOP,True,0.0,1.6666666666666667,106574.29421568895,0.5,0.0,0.0,0.0,30.010680709749604,0.03,30.004679773794848,market,2.0,market,4.0,0.5,0,0
LONG,2025-05-20 04:50:00+00:00,2025-05-20 04:55:00+00:00,2025-05-20 06:25:00+00:00,106146.34502400999,105468.22701063722,105510.43118311046,106739.80881690953,107354.49763380906,0.0002827471095790272,-0.19173590823462444,-0.19173590823462444,0.0,0.0,0.0,-1.0663677526086563,STOP,False,0.0,1.5,,0.5,0.0,0.0,0.0,30.01257224791698,0.03,30.006570933730234,market,2.0,market,4.0,0.5,0,0
LONG,2025-05-20 17:00:00+00:00,2025-05-20 17:05:00+00:00,2025-05-20 17:10:00+00:00,105500.07579601,106147.2153912118,105142.20849133366,105815.75150868633,106152.52301736266,0.0002844246204929205,0.13617177414987863,0.13617177414987863,0.0,0.0441405572642727,0.0,1.3378206220440776,TP2,True,0.0,0.08333333333333333,106147.2153912118,0.5,0.0,0.0,0.0,30.006819020254497,0.03,30.000818856483196,market,2.0,maker_try,0.0,0.5,0,0
LONG,2025-05-20 19:05:00+00:00,2025-05-20 19:10:00+00:00,2025-05-20 19:50:00+00:00,105759.33763801,106896.79331651313,105156.21578829785,106320.16421172215,106902.1384234343,0.00028376600743501335,0.2402031358917316,0.2402031358917316,0.0,0.07881750763017278,0.0,1.403502662698017,TP2,True,0.0,0.6666666666666666,106896.79331651313,0.5,0.0,0.0,0.0,30.01090499050963,0.03,30.004904009707694,market,2.0,maker_try,0.0,0.5,0,0
LONG,2025-05-21 01:25:00+00:00,2025-05-21 01:30:00+00:00,2025-05-21 01:55:00+00:00,106803.90651001,106581.20786977687,106623.85741274197,106941.24258727803,107099.93517454606,0.00028105818884997254,-0.06259127648327346,-0.06259127648327346,0.0,0.0,0.0,-1.2368772940949944,STOP,False,0.0,0.4166666666666667,,0.5,0.0,0.0,0.0,30.0181125258052,0.03,30.012110103784448,market,2.0,market,4.0,0.5,0,0
LONG,2025-05-21 19:30:00+00:00,2025-05-21 19:35:00+00:00,2025-05-21 23:20:00+00:00,107659.36756801,109843.79474302074,106532.11639632443,108743.56360369555,109849.28720738112,0.0002788074562392478,0.45490029848063007,0.45490029848063007,0.0,0.1503830064783143,0.0,1.4474085787095279,TP2,True,0.0,3.75,109843.79474302074,0.5,0.0,0.0,0.0,30.016234411963044,0.03,30.010232365489948,market,2.0,maker_try,8.749796773609214,0.5,0,0
LONG,2025-05-22 02:00:00+00:00,2025-05-22 02:05:00+00:00,2025-05-22 02:35:00+00:00,110019.99960000999,110785.0479296399,109601.70627050857,110394.29372951142,110790.58745901285,0.00027294932066439064,0.1547380739250293,0.1547380739250293,0.0,0.050328363001074454,0.0,1.3552962293186657,TP2,True,0.0,0.5,110785.0479296399,0.5,0.0,0.0,0.0,30.02988415031926,0.03,30.02387937444437,market,2.0,maker_try,4.687249777610461,0.5,0,0
LONG,2025-05-22 14:15:00+00:00,2025-05-22 14:20:00+00:00,2025-05-22 16:30:00+00:00,111158.58727201,111114.1238371012,110536.0833573987,111736.63664262129,112336.91328523259,0.00027019529447121915,0.07133143667539577,0.07133143667539577,0.0,0.07733834211958845,0.0,0.42409299883684354,STOP,True,0.0,2.1666666666666665,111731.04981078916,0.5,0.0,0.0,0.0,30.034527220965455,0.03,30.02852151666212,market,2.0,market,4.0,0.5,0,0
LONG,2025-05-22 17:05:00+00:00,2025-05-22 17:15:00+00:00,2025-05-22 17:55:00+00:00,111429.69148201,111385.1196054172,111085.97395211337,111728.84604790663,112050.28209580325,0.00026955712784059593,0.03355935659239638,0.03355935659239638,0.0,0.039566690110807136,0.0,0.3622105731358984,STOP,True,0.0,0.6666666666666666,111723.25960560424,0.5,0.0,0.0,0.0,30.036667592054336,0.03,30.03066145976238,market,2.0,market,4.0,0.5,0,0
LONG,2025-05-26 00:30:00+00:00,2025-05-26 00:35:00+00:00,2025-05-26 01:00:00+00:00,108976.34091001,109600.60099403159,108628.78435096676,109280.31564905324,109606.08129809648,0.0002756348242497206,0.1271738846440269,0.1271738846440269,0.0,0.041139975371323634,0.0,1.3275117146725899,TP2,True,0.0,0.4166666666666667,109600.60099403159,0.5,0.0,0.0,0.0,30.03767457410824,0.03,30.031668240460153,market,2.0,maker_try,0.0,0.5,0,0
LONG,2025-05-26 03:10:00+00:00,2025-05-26 03:20:00+00:00,2025-05-26 05:10:00+00:00,109379.27148001,109335.519771418,109148.05564373042,109566.74435628956,109776.08871256914,0.00027465433026934376,0.018984496008604253,0.018984496008604253,0.0,0.02499279411934149,0.0,0.2989475822551294,STOP,True,0.0,1.8333333333333333,109561.26601907174,0.5,0.0,0.0,0.0,30.041490553690878,0.03,30.035483456999476,market,2.0,market,4.0,0.5,0,0
LONG,2025-05-27 03:00:00+00:00,2025-05-27 03:05:00+00:00,2025-05-27 13:05:00+00:00,108632.52216001,110149.78059953672,107838.55581803754,109383.04418198246,110155.28836395493,0.0002765475716215788,0.3128183494181024,0.3128183494181024,0.0,0.1030212809313723,0.0,1.4246896812210998,TP2,True,0.0,10.0,110149.78059953672,0.5,0.0,0.0,0.0,30.042060202478115,0.03,30.03605299187974,market,2.0,maker_try,1.2344756000842747,0.5,0,0
LONG,2025-06-01 03:35:00+00:00,2025-06-01 03:40:00+00:00,2025-06-01 06:20:00+00:00,104275.57094401,104233.8607156324,103948.62299846412,104560.81700155587,104866.91400310175,0.0002881925877539108,0.0343392690986642,0.0343392690986642,0.0,0.04034955842463834,0.0,0.3644430123582821,STOP,True,0.0,2.6666666666666665,104555.58896070579,0.5,0.0,0.0,0.0,30.051446629870753,0.03,30.04543754236228,market,2.0,market,4.0,0.5,0,0
LONG,2025-06-01 08:30:00+00:00,2025-06-01 08:40:00+00:00,2025-06-01 09:05:00+00:00,104354.20666801,104312.4649853428,104208.69867176877,104457.98132825122,104582.62265649244,0.00028798529521275137,0.008180233615036742,0.008180233615036742,0.0,0.014190729017831728,0.0,0.19521290917039377,STOP,True,0.0,0.4166666666666667,104452.7584291848,0.5,0.0,0.0,0.0,30.052477013979328,0.03,30.04646772043524,market,2.0,market,4.0,0.5,0,0
LONG,2025-06-08 07:10:00+00:00,2025-06-08 07:15:00+00:00,2025-06-08 07:40:00+00:00,105521.10000001,105390.51590759419,105432.68898318747,105567.31101683252,105634.62203365505,0.0002848029680326146,-0.037190737097868215,-0.037190737097868215,0.0,0.0,0.0,-1.477011543458835,STOP,False,0.0,0.4166666666666667,,0.5,0.0,0.0,0.0,30.052722470069178,0.03,30.046713127443688,market,2.0,market,4.0,0.5,0,0
LONG,2025-06-08 14:05:00+00:00,2025-06-08 14:15:00+00:00,2025-06-08 16:10:00+00:00,105761.14800001,106125.63981565704,105544.5268185274,105935.47318149259,106130.94636297518,0.0002841459939978051,0.0757988171079853,0.0757988171079853,0.0,0.02401437247743919,0.0,1.2314590378905723,TP2,True,0.0,1.9166666666666667,106125.63981565704,0.5,0.0,0.0,0.0,30.051606524811817,0.03,30.045597405330753,market,2.0,maker_try,2.9089296015890755,0.5,0,0
LONG,2025-06-08 23:10:00+00:00,2025-06-08 23:15:00+00:00,2025-06-08 23:20:00+00:00,105685.68291001,105512.87892665157,105555.10096703838,105773.99903298162,105883.44806595324,0.00028437040965812236,-0.049140339538193085,-0.049140339538193085,0.0,0.0,0.0,-1.323337510730624,STOP,False,0.0,0.08333333333333333,,0.5,0.0,0.0,0.0,30.053880944117964,0.03,30.047871369843996,market,2.0,market,4.0,0.5,0,0
LONG,2025-06-08 23:25:00+00:00,2025-06-08 23:30:00+00:00,2025-06-09 00:45:00+00:00,105695.69491201,105653.4166340452,105518.28190506173,105830.83809495826,105987.11618990653,0.00028432952225829005,0.012449846243361332,0.012449846243361332,0.0,0.018460327531178274,0.0,0.2468064900795157,STOP,True,0.0,1.25,105825.54655305351,0.5,0.0,0.0,0.0,30.052406439089783,0.03,30.04639715965785,market,2.0,market,4.0,0.5,0,0
LONG,2025-06-11 03:30:00+00:00,2025-06-11 03:35:00+00:00,2025-06-11 03:40:00+00:00,109820.16964201,109647.08225691128,109690.95864036743,109905.46135965257,110012.71271929514,0.0002736544671815908,-0.04736613614504678,-0.04736613614504678,0.0,0.0,0.0,-1.3395715759369038,STOP,False,0.0,0.08333333333333333,,0.5,0.0,0.0,0.0,30.05278000917616,0.03,30.04677065504515,market,2.0,market,4.0,0.5,0,0
LONG,2025-06-11 07:00:00+00:00,2025-06-11 07:05:00+00:00,2025-06-11 09:35:00+00:00,109732.64214001,109307.04044056973,109350.78075287088,110070.61924714911,110430.53849428822,0.00027385979372074066,-0.11655519361590622,-0.11655519361590622,0.0,0.0,0.0,-1.1145449992439576,STOP,False,0.0,2.5,,0.5,0.0,0.0,0.0,30.05135874089499,0.03,30.0453496709608,market,2.0,market,4.0,0.5,0,0
LONG,2025-06-16 01:35:00+00:00,2025-06-16 01:40:00+00:00,2025-06-16 04:20:00+00:00,105427.55129401,106341.2801518851,104936.4062591354,105876.5337408846,106346.59748175919,0.00028500957308549916,0.19343848796071525,0.19343848796071525,0.0,0.06322775211127332,0.0,1.3818906653604126,TP2,True,0.0,2.6666666666666665,106341.2801518851,0.5,0.0,0.0,0.0,30.047861385755354,0.03,30.041853015152324,market,2.0,maker_try,0.0,0.5,0,0
LONG,2025-06-18 00:30:00+00:00,2025-06-18 00:35:00+00:00,2025-06-18 01:05:00+00:00,104556.82718400999,104895.13427006875,104353.69035549839,104718.1496445216,104900.37928903321,0.00028743857776148405,0.07105390223691008,0.07105390223691008,0.0,0.022432648405228912,0.0,1.216898094527208,TP2,True,0.0,0.5,104895.13427006875,0.5,0.0,0.0,0.0,30.053665701025107,0.03,30.047656169791146,market,2.0,maker_try,13.410234904364916,0.5,0,0
LONG,2025-06-20 00:30:00+00:00,2025-06-20 00:35:00+00:00,2025-06-20 00:45:00+00:00,104649.78577201,104793.22568446105,104544.05719614428,104713.66280387572,104798.46560774144,0.0002872036241898782,0.029019235295386445,0.029019235295386445,0.0,0.008421003940675846,0.0,0.9556605653764679,TP2,True,0.0,0.16666666666666666,104793.22568446105,0.5,0.0,0.0,0.0,30.055797744415624,0.03,30.049787786858253,market,2.0,maker_try,0.0,0.5,0,0
LONG,2025-06-20 02:45:00+00:00,2025-06-20 02:50:00+00:00,2025-06-20 04:20:00+00:00,104627.06122801,104436.19758065099,104477.98877616145,104734.29122385854,104862.44244770709,0.0002872743259995469,-0.05483022565287649,-0.05483022565287649,0.0,0.0,0.0,-1.2803415050348936,STOP,False,0.0,1.5,,0.5,0.0,0.0,0.0,30.056668495589904,0.03,30.05065836391712,market,2.0,market,4.0,0.5,0,0
LONG,2025-06-23 01:10:00+00:00,2025-06-23 01:15:00+00:00,2025-06-23 01:25:00+00:00,100873.61068801,100545.13787402873,100585.37202283787,101121.50797718213,101389.57595435427,0.00029794733285393686,-0.09786759884074527,-0.09786759884074527,0.0,0.0,0.0,-1.1395862306852764,STOP,False,0.0,0.16666666666666666,,0.5,0.0,0.0,0.0,30.055023259838958,0.03,30.04901345714753,market,2.0,market,4.0,0.5,0,0
LONG,2025-06-23 01:30:00+00:00,2025-06-23 01:40:00+00:00,2025-06-23 02:25:00+00:00,100797.46546200999,101282.85463502076,100522.00548452884,101032.61451549115,101287.9190309723,0.0002981432767870003,0.1066587590794484,0.1066587590794484,0.0,0.034300999800266574,0.0,1.2987124342139933,TP2,True,0.0,0.75,101282.85463502076,0.5,0.0,0.0,0.0,30.052086644668147,0.03,30.04607742918231,market,2.0,maker_try,0.0,0.5,0,0
LONG,2025-06-24 09:10:00+00:00,2025-06-24 09:15:00+00:00,2025-06-24 10:00:00+00:00,105153.48649201001,105111.4250974132,104873.13847286899,105391.78152715102,105651.10305429203,0.0002858230197595665,0.027290960928030614,0.027290960928030614,0.0,0.03330201833750967,0.0,0.3405839143307599,STOP,True,0.0,0.75,105386.51193807466,0.5,0.0,0.0,0.0,30.055287047393083,0.03,30.049277191954694,market,2.0,market,4.0,0.5,0,0
LONG,2025-06-25 09:50:00+00:00,2025-06-25 10:00:00+00:00,2025-06-25 10:25:00+00:00,106656.64706401,107069.41858915165,106415.59383613098,106855.04616388903,107074.77232776805,0.00028180246395640503,0.08536189363192283,0.08536189363192283,0.0,0.027201877213942457,0.0,1.256626758419803,TP2,True,0.0,0.4166666666666667,107069.41858915165,0.5,0.0,0.0,0.0,30.05610593996669,0.03,30.050095920782535,market,2.0,maker_try,2.667782172975577,0.5,0,0
LONG,2025-06-25 14:30:00+00:00,2025-06-25 14:35:00+00:00,2025-06-25 15:15:00+00:00,107684.54260201,107123.57428395159,107166.44086029571,108159.57913972427,108656.14827943855,0.0002791363234001047,-0.1565866338467653,-0.1565866338467653,0.0,0.0,0.0,-1.0827377576502402,STOP,False,0.0,0.6666666666666666,,0.5,0.0,0.0,0.0,30.058667308947015,0.03,30.052656777591494,market,2.0,market,4.0,0.5,0,0
LONG,2025-07-02 17:50:00+00:00,2025-07-02 18:00:00+00:00,2025-07-02 20:55:00+00:00,109202.09605200999,109158.41521358919,108781.0079861121,109579.51201390788,109978.76402780577,0.000275214211603575,0.04517037847091449,0.04517037847091449,0.0,0.05118117222499602,0.0,0.38977137380568605,STOP,True,0.0,2.9166666666666665,109574.03303830719,0.5,0.0,0.0,0.0,30.053968770411803,0.03,30.04795917857609,market,2.0,market,4.0,0.5,0,0
LONG,2025-07-03 15:10:00+00:00,2025-07-03 15:20:00+00:00,2025-07-03 15:35:00+00:00,109554.85659001,109232.58530617702,109276.29582450681,109789.60417551317,110046.25835101635,0.0002743404088899959,-0.08841203578024237,-0.08841203578024237,0.0,0.0,0.0,-1.1569155593424676,STOP,False,0.0,0.25,,0.5,0.0,0.0,0.0,30.055324152788202,0.03,30.04931428993022,market,2.0,market,4.0,0.5,0,0
LONG,2025-07-03 17:00:00+00:00,2025-07-03 17:10:00+00:00,2025-07-04 00:20:00+00:00,109479.58153801,109435.7897053948,109114.49043649918,109800.88956352082,110144.08912703164,0.00027450480572771145,0.03733624251209358,0.03733624251209358,0.0,0.04334677676434146,0.0,0.37254557464116017,STOP,True,0.0,7.166666666666667,109795.39951904264,0.5,0.0,0.0,0.0,30.05267126124258,0.03,30.04666192885681,market,2.0,market,4.0,0.5,0,0
LONG,2025-07-10 04:55:00+00:00,2025-07-10 05:00:00+00:00,2025-07-10 05:05:00+00:00,111172.24000200999,110998.65987841824,111043.07710926195,111256.94289075803,111363.87578150607,0.0002703353964262304,-0.04692485152288875,-0.04692485152288875,0.0,0.0,0.0,-1.3438853830129,STOP,False,0.0,0.08333333333333333,,0.5,0.0,0.0,0.0,30.0537915725354,0.03,30.047782016132174,market,2.0,market,4.0,0.5,0,0
LONG,2025-07-10 18:45:00+00:00,2025-07-10 18:50:00+00:00,2025-07-10 19:30:00+00:00,113263.63819801,113218.3327427308,112931.93349690456,113550.04650311545,113859.10300622089,0.00026533125744117775,0.03123285174299547,0.03123285174299547,0.0,0.03724332845208331,0.0,0.3548718886354549,STOP,True,0.0,0.6666666666666666,113544.36900079029,0.5,0.0,0.0,0.0,30.052383545440605,0.03,30.046374270586487,market,2.0,market,4.0,0.5,0,0
LONG,2025-07-11 07:20:00+00:00,2025-07-11 07:25:00+00:00,2025-07-11 09:35:00+00:00,117806.24653801,118497.72417569191,117422.21032093509,118143.16967908491,118503.64935815982,0.00025510804054599385,0.13042317196929398,0.13042317196929398,0.0,0.042222419354092086,0.0,1.3312463444995848,TP2,True,0.0,2.1666666666666665,118497.72417569191,0.5,0.0,0.0,0.0,30.053320718390005,0.03,30.047311256138773,market,2.0,maker_try,23.427784041883804,0.5,0,0
LONG,2025-07-11 17:40:00+00:00,2025-07-11 17:45:00+00:00,2025-07-11 18:25:00+00:00,117428.68104001,117381.70956759399,117201.63577265856,117608.76422736143,117812.32845471287,0.00025596160946274354,0.01628316118214576,0.01628316118214576,0.0,0.022294608021362912,0.0,0.28018922880063307,STOP,True,0.0,0.6666666666666666,117602.88378915006,0.5,0.0,0.0,0.0,30.057234196088114,0.03,30.051223951297853,market,2.0,market,4.0,0.5,0,0
LONG,2025-07-11 22:40:00+00:00,2025-07-11 22:45:00+00:00,2025-07-12 12:35:00+00:00,117520.07931601,117473.0712842836,117098.6004966748,117894.5595033452,118292.5390066804,0.0002557666993041905,0.04112439861829108,0.04112439861829108,0.0,0.047135943176016014,0.0,0.3814870556732145,STOP,True,0.0,13.833333333333334,117888.66477537002,0.5,0.0,0.0,0.0,30.05772278862255,0.03,30.05171244613332,market,2.0,market,4.0,0.5,0,0
LONG,2025-07-13 02:20:00+00:00,2025-07-13 02:25:00+00:00,2025-07-13 02:45:00+00:00,117451.42558801,117519.9722924009,117378.98570759993,117476.89429242007,117525.84858483014,0.0002559267085677336,0.011278890192316532,0.011278890192316532,0.0,0.002507423973352163,0.0,0.6083773439948345,TP2,True,0.0,0.3333333333333333,117519.9722924009,0.5,0.0,0.0,0.0,30.05895676732748,0.03,30.052946178091865,market,2.0,maker_try,2.8410676443473117,0.5,0,0
LONG,2025-07-13 15:50:00+00:00,2025-07-13 16:00:00+00:00,2025-07-13 17:00:00+00:00,118787.72279401,118442.10089947359,118489.49669815286,119038.44330186714,119312.91660372428,0.0002530505215074497,-0.08745980065683107,-0.08745980065683107,0.0,0.0,0.0,-1.158925725607763,STOP,False,0.0,1.0,,0.5,0.0,0.0,0.0,30.0592952017066,0.03,30.053284544797638,market,2.0,market,4.0,0.5,0,0
LONG,2025-07-15 13:00:00+00:00,2025-07-15 13:05:00+00:00,2025-07-15 14:30:00+00:00,117367.79886601,117320.8517464636,116349.8109161359,118338.8490838841,119333.36816775819,0.00025608958482080364,0.11756895572292855,0.11756895572292855,0.0,0.12358028989951357,0.0,0.4509808568888636,STOP,True,0.0,1.4166666666666667,118332.9321414299,0.5,0.0,0.0,0.0,30.05667088292809,0.03,30.050660750777933,market,2.0,market,4.0,0.5,0,0
LONG,2025-07-16 15:40:00+00:00,2025-07-16 15:45:00+00:00,2025-07-16 19:30:00+00:00,119070.74938801001,119023.1210882548,118259.90362798427,119833.97637203573,120621.01274406146,0.0002524566176959029,0.0895724897202882,0.0895724897202882,0.0,0.09558452945169094,0.0,0.4375721132397549,STOP,True,0.0,3.75,119827.98467321713,0.5,0.0,0.0,0.0,30.06019865701351,0.03,30.05418781944962,market,2.0,market,4.0,0.5,0,0
LONG,2025-07-16 23:35:00+00:00,2025-07-16 23:40:00+00:00,2025-07-17 01:30:00+00:00,118834.12207201,118337.26570502315,118384.61955284429,119236.1004471757,119661.84089434141,0.00025298193687939925,-0.12569568607119375,-0.12569568607119375,0.0,0.0,0.0,-1.105347235670741,STOP,False,0.0,1.8333333333333333,,0.5,0.0,0.0,0.0,30.06288636914006,0.03,30.05687499414123,market,2.0,market,4.0,0.5,0,0
LONG,2025-07-17 04:10:00+00:00,2025-07-17 04:20:00+00:00,2025-07-17 07:00:00+00:00,118315.08828601,118267.7622506956,117850.34147824306,118732.51852177692,119173.60704354385,0.0002540598598187253,0.046260181467355825,0.046260181467355825,0.0,0.05227200441623203,0.0,0.39179136729978786,STOP,True,0.0,2.6666666666666665,118726.58189585083,0.5,0.0,0.0,0.0,30.059114744383805,0.03,30.053104123559095,market,2.0,market,4.0,0.5,0,0
LONG,2025-07-18 00:25:00+00:00,2025-07-18 00:30:00+00:00,2025-07-18 07:50:00+00:00,119624.80017601,119576.95025593959,118974.53140171814,120227.22859830187,120853.57719659373,0.00025128988958108504,0.06892468811865832,0.06892468811865832,0.0,0.07493678868413685,0.0,0.42180030971725485,STOP,True,0.0,7.333333333333333,120221.21723687195,0.5,0.0,0.0,0.0,30.060502827388916,0.03,30.054491929003113,market,2.0,market,4.0,0.5,0,0
LONG,2025-07-19 09:00:00+00:00,2025-07-19 09:05:00+00:00,2025-07-19 11:05:00+00:00,118133.55198600999,118476.1791892685,117923.84335279837,118296.01664722161,118482.10329443323,0.0002544795316502527,0.06351517268254307,0.06351517268254307,0.0,0.019919367574612146,0.0,1.1901681299263565,TP2,True,0.0,2.0,118476.1791892685,0.5,0.0,0.0,0.0,30.0625709815806,0.03,30.056559669646674,market,2.0,maker_try,0.0,0.5,0,0
LONG,2025-07-20 00:30:00+00:00,2025-07-20 00:35:00+00:00,2025-07-20 00:50:00+00:00,117739.52319600999,117876.30238388233,117632.87175316148,117799.0882468585,117882.19649370702,0.0002553473634150996,0.024315999674643565,0.024315999674643565,0.0,0.006852897178013719,0.0,0.8928818927421035,TP2,True,0.0,0.25,117876.30238388233,0.5,0.0,0.0,0.0,30.064476817852114,0.03,30.058465124827148,market,2.0,maker_try,4.855074002486603,0.5,0,0
LONG,2025-07-20 04:05:00+00:00,2025-07-20 04:10:00+00:00,2025-07-20 04:35:00+00:00,117985.68241801,117938.4881450428,117877.53459783195,118046.64540218803,118131.20080436608,0.00025482080391094156,0.0010022585027723565,0.0010022585027723565,0.0,0.00701529979151964,0.0,0.03636864306547728,STOP,True,0.0,0.4166666666666667,118040.74306991792,0.5,0.0,0.0,0.0,30.06520644373835,0.03,30.05919460481739,market,2.0,market,4.0,0.5,0,0
LONG,2025-07-20 12:05:00+00:00,2025-07-20 12:15:00+00:00,2025-07-20 14:00:00+00:00,118007.38675800999,118552.57306870267,117696.43450313881,118271.14549688117,118558.50099375236,0.0002547741912051641,0.10229584948010428,0.10229584948010428,0.0,0.03284614879867739,0.0,1.2912456489850495,TP2,True,0.0,1.75,118552.57306870267,0.5,0.0,0.0,0.0,30.06523651750699,0.03,30.059224672572473,market,2.0,maker_try,0.0,0.5,0,0
LONG,2025-07-20 18:00:00+00:00,2025-07-20 18:05:00+00:00,2025-07-20 19:55:00+00:00,118220.93946001,118173.651084226,117922.86449751866,118471.73550250134,118746.17100499268,0.0002543399345674929,0.025126760980767424,0.025126760980767424,0.0,0.031140422182120556,0.0,0.3314335398732808,STOP,True,0.0,1.8333333333333333,118465.81191572621,0.5,0.0,0.0,0.0,30.068306006766484,0.03,30.06229354805687,market,2.0,market,4.0,0.5,0,0
LONG,2025-07-21 13:30:00+00:00,2025-07-21 13:35:00+00:00,2025-07-21 16:15:00+00:00,118571.96965201,117794.9691898529,117842.1060322658,119254.41396775418,119960.56793549837,0.00025359332436329104,-0.1970421302302322,-0.1970421302302322,0.0,0.0,0.0,-1.0645830825619502,STOP,False,0.0,2.6666666666666665,,0.5,0.0,0.0,0.0,30.069059960356473,0.03,30.063047350886297,market,2.0,market,4.0,0.5,0,0
LONG,2025-07-22 13:35:00+00:00,2025-07-22 13:40:00+00:00,2025-07-22 13:50:00+00:00,119289.62315401,118740.28698255331,118787.80210339467,119743.73789662533,120221.70579324066,0.0002520181279756704,-0.13844267355983575,-0.13844267355983575,0.0,0.0,0.0,-1.0946853879148684,STOP,False,0.0,0.16666666666666666,,0.5,0.0,0.0,0.0,30.063147514196785,0.03,30.05713608697939,market,2.0,market,4.0,0.5,0,0
LONG,2025-07-24 02:30:00+00:00,2025-07-24 02:35:00+00:00,2025-07-24 03:25:00+00:00,118956.60656401001,119220.59973654947,118785.94946771365,119079.69053230635,119226.5610646027,0.00025268872634795063,0.04815276247473956,0.04815276247473956,0.0,0.014798713207964567,0.0,1.1166343638219862,TP2,True,0.0,0.8333333333333334,119220.59973654947,0.5,0.0,0.0,0.0,30.058993403333954,0.03,30.052982806772597,market,2.0,maker_try,2.4645925295705027,0.5,0,0
LONG,2025-07-24 07:10:00+00:00,2025-07-24 07:15:00+00:00,2025-07-25 00:20:00+00:00,118032.52178401,117985.30877529639,117042.57393626674,118975.26606375325,119941.61212749651,0.00025467928517305553,0.11327911858511633,0.11327911858511633,0.0,0.11929120624014114,0.0,0.44930776391626026,STOP,True,0.0,17.083333333333332,118969.31730045007,0.5,0.0,0.0,0.0,30.06043827512477,0.03,30.05442738964684,market,2.0,market,4.0,0.5,0,0
LONG,2025-07-25 13:45:00+00:00,2025-07-25 13:50:00+00:00,2025-07-25 14:15:00+00:00,115957.10678401,115445.09036802083,115491.28688277394,116376.55311724605,116819.1862344821,0.00025926688033322604,-0.13274889885291194,-0.13274889885291194,0.0,0.0,0.0,-1.0991724798157674,STOP,False,0.0,0.4166666666666667,,0.5,0.0,0.0,0.0,30.063837328357035,0.03,30.057825763204395,market,2.0,market,4.0,0.5,0,0
LONG,2025-07-27 12:55:00+00:00,2025-07-27 13:00:00+00:00,2025-07-27 15:55:00+00:00,118131.29153401,118566.57732175142,117875.2520264906,118340.08797352939,118572.50594704878,0.00025446140200916894,0.08119420866149493,0.08119420866149493,0.0,0.02581249274982121,0.0,1.246224125809533,TP2,True,0.0,2.9166666666666665,118566.57732175142,0.5,0.0,0.0,0.0,30.059854064898055,0.03,30.053843296238806,market,2.0,maker_try,1.6159344495032613,0.5,0,0
LONG,2025-07-30 01:30:00+00:00,2025-07-30 01:35:00+00:00,2025-07-30 05:10:00+00:00,117754.94628000999,117707.84430149799,117378.9562659303,118083.84373408968,118436.28746816936,0.00025529535130386713,0.03521688105621207,0.03521688105621207,0.0,0.04122933913187627,0.0,0.36688645050360286,STOP,True,0.0,3.5833333333333335,118077.93954190298,0.5,0.0,0.0,0.0,30.06229037832315,0.03,30.05627912249865,market,2.0,market,4.0,0.5,0,0
LONG,2025-07-30 14:30:00+00:00,2025-07-30 14:35:00+00:00,2025-07-30 15:50:00+00:00,118021.81964401,117974.6109161524,117562.49778535207,118433.94221466793,118869.66442932586,0.0002547270257884211,0.045722500776455476,0.045722500776455476,0.0,0.05173517019566712,0.0,0.3907849571306089,STOP,True,0.0,1.25,118428.02051755719,0.5,0.0,0.0,0.0,30.06334709605612,0.03,30.057335628930336,market,2.0,market,4.0,0.5,0,0
LONG,2025-07-30 23:30:00+00:00,2025-07-30 23:35:00+00:00,2025-07-31 00:35:00+00:00,117715.83846001,118121.66640998563,117474.66360570247,117909.93639431753,118127.57278862505,0.00025540079770682597,0.07585791741012887,0.07585791741012887,0.0,0.02403352633237776,0.0,1.2315346663503963,TP2,True,0.0,1.0,118121.66640998563,0.5,0.0,0.0,0.0,30.064719045414417,0.03,30.05870730395363,market,2.0,maker_try,6.417528050874171,0.5,0,0
LONG,2025-07-31 13:35:00+00:00,2025-07-31 13:40:00+00:00,2025-07-31 17:30:00+00:00,118423.42995001,117715.28401368605,117762.38896927376,119037.11103074624,119674.47206148248,0.00025389397394397705,-0.1797939859055676,-0.1797939859055676,0.0,0.0,0.0,-1.071258752422954,STOP,False,0.0,3.8333333333333335,,0.5,0.0,0.0,0.0,30.066995238084232,0.03,30.060983041475932,market,2.0,market,4.0,0.5,0,0
LONG,2025-08-11 01:25:00+00:00,2025-08-11 01:30:00+00:00,2025-08-11 01:55:00+00:00,119267.54874001,119854.80905959301,118935.148950166,119552.25104985399,119860.80209969799,0.0002520517999852088,0.10913654113172183,0.10913654113172183,0.0,0.035126530826327745,0.0,1.3026256985314866,TP2,True,0.0,0.4166666666666667,119854.80905959301,0.5,0.0,0.0,0.0,30.061600339743144,0.03,30.055589221898764,market,2.0,maker_try,10.23032562400143,0.5,0,0
LONG,2025-08-13 07:50:00+00:00,2025-08-13 07:55:00+00:00,2025-08-13 08:00:00+00:00,119456.23647001,119408.453975422,119269.37944756726,119595.32055245274,119758.29110489548,0.00025168108404573973,0.010736944305103673,0.010736944305103673,0.0,0.016749919323262235,0.0,0.22830777433924856,STOP,True,0.0,0.08333333333333333,119589.34078642512,0.5,0.0,0.0,0.0,30.064875090796345,0.03,30.05886331813272,market,2.0,market,4.0,0.5,0,0
LONG,2025-08-13 15:35:00+00:00,2025-08-13 15:40:00+00:00,2025-08-13 19:50:00+00:00,121080.22120201,122706.60344330309,120227.64545988644,121884.37454013355,122712.7390802571,0.0002483080800900293,0.3010041897818498,0.3010041897818498,0.0,0.09908226386784684,0.0,1.4218334166128903,TP2,True,0.0,4.166666666666667,122706.60344330309,0.5,0.0,0.0,0.0,30.065197263547166,0.03,30.05918542646187,market,2.0,maker_try,0.5269656033313912,0.5,0,0
LONG,2025-08-14 02:35:00+00:00,2025-08-14 02:40:00+00:00,2025-08-14 04:10:00+00:00,123607.03646401,123176.89869785898,123226.18917352839,123938.45082649162,124294.58165297324,0.00024330515523703468,-0.10465473596668515,-0.10465473596668515,0.0,0.0,0.0,-1.129423201638305,STOP,False,0.0,1.5,,0.5,0.0,0.0,0.0,30.07422919526576,0.03,30.06821555215533,market,2.0,market,4.0,0.5,0,0
LONG,2025-08-16 12:25:00+00:00,2025-08-16 12:30:00+00:00,2025-08-16 20:05:00+00:00,117534.42218400999,117487.4084151364,117309.47423587248,117712.36576414751,117913.81152828503,0.00025584920882309293,0.015996228920380273,0.015996228920380273,0.0,0.022010446705431362,0.0,0.27794028354345984,STOP,True,0.0,7.583333333333333,117706.48014585931,0.5,0.0,0.0,0.0,30.071088925258337,0.03,30.065075910076327,market,2.0,market,4.0,0.5,0,0
LONG,2025-08-18 14:20:00+00:00,2025-08-18 14:25:00+00:00,2025-08-18 17:30:00+00:00,115445.07439801001,116716.5748294126,114771.77952503496,116072.20047498505,116722.41094996009,0.0002604837760719715,0.24652482799935505,0.24652482799935505,0.0,0.08092221117491179,0.0,1.4056418475237777,TP2,True,0.0,3.0833333333333335,116716.5748294126,0.5,0.0,0.0,0.0,30.071568908103327,0.03,30.065555796943936,market,2.0,maker_try,3.8972559059762046,0.5,0,0
LONG,2025-08-19 00:30:00+00:00,2025-08-19 00:35:00+00:00,2025-08-19 01:30:00+00:00,116057.59687801,116011.17383925879,115472.8364959547,116595.94350406529,117157.49700812058,0.00025917274647439717,0.06299113131592621,0.06299113131592621,0.0,0.06900692454234506,0.0,0.4156350233752019,STOP,True,0.0,0.9166666666666666,116590.11370689009,0.5,0.0,0.0,0.0,30.078966132092273,0.03,30.07295154178392,market,2.0,market,4.0,0.5,0,0
LONG,2025-08-20 19:05:00+00:00,2025-08-20 19:10:00+00:00,2025-08-20 20:55:00+00:00,113765.08846801,114361.50696418156,113429.89733729107,114054.78266272892,114367.22532544784,0.00026441201469673255,0.11639548455160682,0.11639548455160682,0.0,0.03754537646404728,0.0,1.3132954172579319,TP2,True,0.0,1.75,114361.50696418156,0.5,0.0,0.0,0.0,30.080856243978538,0.03,30.074841275723394,market,2.0,maker_try,1.1596120209413032,0.5,0,0
LONG,2025-08-22 07:00:00+00:00,2025-08-22 07:05:00+00:00,2025-08-22 10:10:00+00:00,113140.66360801,112766.62853176551,112811.75323305874,113424.32676696124,113730.61353391249,0.0002659021774091673,-0.09945674120081296,-0.09945674120081296,0.0,0.0,0.0,-1.1371945208475596,STOP,False,0.0,3.0833333333333335,,0.5,0.0,0.0,0.0,30.084348806887995,0.03,30.078333140259943,market,2.0,market,4.0,0.5,0,0
LONG,2025-08-22 19:00:00+00:00,2025-08-22 19:05:00+00:00,2025-08-22 19:30:00+00:00,116911.72767001,116658.78463522148,116705.46682195026,117071.23317806974,117254.11635612948,0.0002572998030857767,-0.0650821930430052,-0.0650821930430052,0.0,0.0,0.0,-1.2263259710599996,STOP,False,0.0,0.4166666666666667,,0.5,0.0,0.0,0.0,30.081364507911527,0.03,30.07534943802392,market,2.0,market,4.0,0.5,0,0
LONG,2025-08-26 13:50:00+00:00,2025-08-26 13:55:00+00:00,2025-08-26 15:30:00+00:00,109925.29066201,109881.3205457452,109298.96766691437,110507.65233310562,111111.99466620125,0.00027363504313227595,0.07290542900877756,0.07290542900877756,0.0,0.07892131133910214,0.0,0.42539247032819627,STOP,True,0.0,1.5833333333333333,110502.12695048896,0.5,0.0,0.0,0.0,30.079411651627076,0.03,30.07339697223263,market,2.0,market,4.0,0.5,0,0
LONG,2025-08-27 05:40:00+00:00,2025-08-27 05:45:00+00:00,2025-08-27 06:00:00+00:00,111447.81510600999,111265.2569456534,111309.7808579966,111541.2791420234,111657.0282840368,0.0002699164557269792,-0.04927545160748969,-0.04927545160748969,0.0,0.0,0.0,-1.322556995702072,STOP,False,0.0,0.25,,0.5,0.0,0.0,0.0,30.08159925192991,0.03,30.07558413510289,market,2.0,market,4.0,0.5,0,0
LONG,2025-08-27 11:00:00+00:00,2025-08-27 11:05:00+00:00,2025-08-27 13:40:00+00:00,111173.90033401,111713.18926874764,110868.11739626099,111435.222603759,111718.775207508,0.00027056818733854344,0.1075561905257997,0.1075561905257997,0.0,0.034598975763951996,0.0,1.3000062220754467,TP2,True,0.0,2.5833333333333335,111713.18926874764,0.5,0.0,0.0,0.0,30.080120692728975,0.03,30.074105871554664,market,2.0,maker_try,0.0,0.5,0,0
LONG,2025-08-27 15:40:00+00:00,2025-08-27 15:45:00+00:00,2025-08-27 18:20:00+00:00,111843.12415201,112580.5391265573,111438.05578252547,112203.46421749452,112586.16843497904,0.000268978073099018,0.14688151091123924,0.14688151091123924,0.0,0.04770728144719259,0.0,1.3480994186373136,TP2,True,0.0,2.5833333333333335,112580.5391265573,0.5,0.0,0.0,0.0,30.08334802378189,0.03,30.077332557270438,market,2.0,maker_try,0.06225490523174501,0.5,0,0
LONG,2025-08-28 14:30:00+00:00,2025-08-28 14:35:00+00:00,2025-08-28 14:45:00+00:00,112747.50499201,113207.51283821493,112480.85325157012,112969.06674844988,113213.17349688977,0.0002668596112395614,0.09018802756638465,0.09018802756638465,0.0,0.028809270063687165,0.0,1.2674230968685545,TP2,True,0.0,0.16666666666666666,113207.51283821493,0.5,0.0,0.0,0.0,30.087755350398297,0.03,30.081739002597775,market,2.0,maker_try,0.0,0.5,0,0
LONG,2025-08-31 16:20:00+00:00,2025-08-31 16:25:00+00:00,2025-08-31 17:30:00+00:00,108698.18529000999,108977.78284378763,108523.05899732104,108829.84100269894,108983.2320053879,0.00027682579476438545,0.05616958348879142,0.05616958348879142,0.0,0.017469675969454902,0.0,1.1586260640406858,TP2,True,0.0,1.0833333333333333,108977.78284378763,0.5,0.0,0.0,0.0,30.090461532353448,0.03,30.084444643424767,market,2.0,maker_try,0.0,0.5,0,0
LONG,2025-09-01 11:45:00+00:00,2025-09-01 11:50:00+00:00,2025-09-01 13:15:00+00:00,108753.72639601,109294.95610708464,108447.75943594446,109016.20056407552,109300.42112814105,0.0002766999159854043,0.11043827857918537,0.11043827857918537,0.0,0.035559170787606044,0.0,1.3044759292653523,TP2,True,0.0,1.4166666666666667,109294.95610708464,0.5,0.0,0.0,0.0,30.092146956875613,0.03,30.08612973092943,market,2.0,maker_try,1.8445657760203689,0.5,0,0
LONG,2025-09-02 00:05:00+00:00,2025-09-02 00:20:00+00:00,2025-09-02 02:15:00+00:00,109231.01183401,109187.3194292764,108869.54532536634,109548.79467465365,109888.4193492973,0.0002755212119942314,0.037004289131949,0.037004289131949,0.0,0.043023381285521946,0.0,0.3715600059106888,STOP,True,0.0,1.9166666666666667,109543.31723491992,0.5,0.0,0.0,0.0,30.09546076786267,0.03,30.089442879286807,market,2.0,market,4.0,0.5,0,0
LONG,2025-09-06 08:30:00+00:00,2025-09-06 08:35:00+00:00,2025-09-06 09:00:00+00:00,110875.89074401,110831.54038771239,110757.8464943733,110949.5935056467,111045.4670112834,0.00027144378202155104,0.0032308495264624423,0.0032308495264624423,0.0,0.009250163750175884,0.0,0.10083051795012034,STOP,True,0.0,0.4166666666666667,110944.04602597142,0.5,0.0,0.0,0.0,30.09657111856236,0.03,30.090553007960764,market,2.0,market,4.0,0.5,0,0
LONG,2025-09-07 07:10:00+00:00,2025-09-07 07:15:00+00:00,2025-09-07 07:25:00+00:00,110525.00058000999,110614.53321715687,110444.31788983104,110561.48211018894,110620.06422036789,0.00027230642755478665,0.01640456880743054,0.01640456880743054,0.0,0.004214412521917106,0.0,0.7466663106615783,TP2,True,0.0,0.16666666666666666,110614.53321715687,0.5,0.0,0.0,0.0,30.096668063433242,0.03,30.090649933446556,market,2.0,maker_try,3.887378931047134,0.5,0,0
LONG,2025-09-08 14:00:00+00:00,2025-09-08 14:05:00+00:00,2025-09-08 14:35:00+00:00,112138.34318401,112687.67515855702,111827.22508799088,112404.61491202911,112693.30982404822,0.0002683931244600062,0.10869699738143884,0.10869699738143884,0.0,0.03497853487420897,0.0,1.3017299253637442,TP2,True,0.0,0.5,112687.67515855702,0.5,0.0,0.0,0.0,30.09716029892488,0.03,30.09114207051078,market,2.0,maker_try,0.0,0.5,0,0
LONG,2025-09-11 00:50:00+00:00,2025-09-11 01:00:00+00:00,2025-09-11 06:45:00+00:00,113933.31210601,114442.66322832738,113641.60217621012,114179.45782380988,114448.38564760976,0.00026419333647582525,0.0990444791457743,0.0990444791457743,0.0,0.03176089292440629,0.0,1.2851600007933301,TP2,True,0.0,5.75,114442.66322832738,0.5,0.0,0.0,0.0,30.100421861028313,0.03,30.094402980432225,market,2.0,maker_try,0.0,0.5,0,0
LONG,2025-09-11 13:45:00+00:00,2025-09-11 13:50:00+00:00,2025-09-11 23:45:00+00:00,114146.90481601,115374.58875786563,113495.94111213779,114752.2188878822,115380.35777575441,0.00026372501153835336,0.2409471354038164,0.2409471354038164,0.0,0.07906165453815425,0.0,1.403504060145044,TP2,True,0.0,9.916666666666666,115374.58875786563,0.5,0.0,0.0,0.0,30.10339378966956,0.03,30.097374314806597,market,2.0,maker_try,4.905193503072586,0.5,0,0
LONG,2025-09-12 05:45:00+00:00,2025-09-12 05:55:00+00:00,2025-09-12 06:35:00+00:00,115672.65990601,115265.20089846135,115311.3254286328,115987.73457138719,116325.93914276439,0.00026030890682276104,-0.10606520883007584,-0.10606520883007584,0.0,0.0,0.0,-1.1276505095950262,STOP,False,0.0,0.6666666666666666,,0.5,0.0,0.0,0.0,30.11062364941448,0.03,30.10460272886871,market,2.0,market,4.0,0.5,0,0
LONG,2025-09-12 16:20:00+00:00,2025-09-12 16:25:00+00:00,2025-09-12 18:15:00+00:00,115375.44047401,116079.14738942191,114986.07918151311,115718.66081850688,116084.95163700376,0.000260951905648763,0.13584390664792473,0.13584390664792473,0.0,0.04402707635044945,0.0,1.3369861705965187,TP2,True,0.0,1.8333333333333333,116079.14738942191,0.5,0.0,0.0,0.0,30.10744105675833,0.03,30.101420772603806,market,2.0,maker_try,0.0,0.5,0,0
LONG,2025-09-13 02:10:00+00:00,2025-09-13 02:15:00+00:00,2025-09-13 16:20:00+00:00,115989.09318001,115510.71225907445,115556.93503308769,116374.86496693229,116783.82993385459,0.0002596064540507222,-0.12419077456959407,-0.12419077456959407,0.0,0.0,0.0,-1.1069580067908498,STOP,False,0.0,14.083333333333334,,0.5,0.0,0.0,0.0,30.111517189021203,0.03,30.105496089803243,market,2.0,market,4.0,0.5,0,0
LONG,2025-09-17 03:10:00+00:00,2025-09-17 03:15:00+00:00,2025-09-17 03:25:00+00:00,116732.28178801,116531.39846772673,116578.02967959856,116839.85032042144,116970.76064083287,0.0002579217184781524,-0.05181217118105955,-0.05181217118105955,0.0,0.0,0.0,-1.302305183067277,STOP,False,0.0,0.16666666666666666,,0.5,0.0,0.0,0.0,30.10779072063947,0.03,30.101770366566157,market,2.0,market,4.0,0.5,0,0
LONG,2025-09-17 05:05:00+00:00,2025-09-17 05:15:00+00:00,2025-09-17 09:45:00+00:00,116634.94232401,116588.2883470804,116131.61165762585,117091.62834239413,117571.63668477828,0.0002581236415498571,0.05216387890861337,0.05216387890861337,0.0,0.05818512611753994,0.0,0.4015029155097513,STOP,True,0.0,4.5,117085.77376097701,0.5,0.0,0.0,0.0,30.106236044631014,0.03,30.100216001430724,market,2.0,market,4.0,0.5,0,0
LONG,2025-09-17 22:00:00+00:00,2025-09-17 22:10:00+00:00,2025-09-18 00:10:00+00:00,116235.55246201,116189.0582410252,115730.62346908473,116693.99653093526,117175.68306186052,0.0002590240303957076,0.052596791234605415,0.052596791234605415,0.0,0.05861835148940232,0.0,0.4021507516939124,STOP,True,0.0,2.0,116688.16183110871,0.5,0.0,0.0,0.0,30.107801273981543,0.03,30.101780917797985,market,2.0,market,4.0,0.5,0,0
LONG,2025-09-19 01:55:00+00:00,2025-09-19 02:00:00+00:00,2025-09-19 02:10:00+00:00,117286.79266800999,117045.55699990525,117092.39395748825,117434.28604253173,117605.23208505347,0.0002567158569893409,-0.06192902127390418,-0.06192902127390418,0.0,0.0,0.0,-1.2409324498979262,STOP,False,0.0,0.16666666666666666,,0.5,0.0,0.0,0.0,30.10937949329933,0.03,30.103358821535025,market,2.0,market,4.0,0.5,0,0
LONG,2025-09-24 16:15:00+00:00,2025-09-24 16:20:00+00:00,2025-09-24 19:30:00+00:00,113468.77921801,113423.39170632279,113114.16038320077,113778.01961681922,114109.94923362845,0.0002653374915864809,0.034250292250334165,0.034250292250334165,0.0,0.04027179650055206,0.0,0.36400207885188457,STOP,True,0.0,3.1666666666666665,113772.33071583838,0.5,0.0,0.0,0.0,30.10752125108699,0.03,30.101500950896806,market,2.0,market,4.0,0.5,0,0
LONG,2025-09-27 06:20:00+00:00,2025-09-27 06:25:00+00:00,2025-09-27 06:35:00+00:00,109568.30928001,109473.43984036082,109517.24673905644,109575.55326096354,109604.70652191709,0.0002747924939538092,-0.02606940992119784,-0.02606940992119784,0.0,0.0,0.0,-1.8579067527302318,STOP,False,0.0,0.16666666666666666,,0.5,0.0,0.0,0.0,30.108548965356245,0.03,30.102528459664313,market,2.0,market,4.0,0.5,0,0
LONG,2025-09-27 19:40:00+00:00,2025-09-27 19:45:00+00:00,2025-09-27 19:50:00+00:00,109415.30868600999,109371.54256253559,109375.52342797564,109411.33657204434,109429.24314407869,0.0002751696000149545,-0.007320722693939471,-0.007320722693939471,0.0,-0.0012991693486114591,0.0,-0.6687000021806756,STOP,True,0.0,0.08333333333333333,109405.86600521574,0.5,0.0,0.0,0.0,30.107766726642147,0.03,30.101746377366677,market,2.0,market,4.0,0.5,0,0
LONG,2025-09-27 21:05:00+00:00,2025-09-27 21:15:00+00:00,2025-09-27 21:15:00+00:00,109415.65875601,109405.31587431088,109385.27679319921,109402.28320682078,109410.78641363156,0.00027516671199846195,-0.004015857984533225,-0.004015857984533225,0.0,-0.0025928496096650215,0.0,-0.48035976527367735,TP2,True,0.0,0.0,109405.31587431088,0.5,0.0,0.0,0.0,30.107547061036996,0.03,30.101526755685857,market,2.0,maker_try,0.8777711201651949,0.5,0,0
LONG,2025-09-28 07:20:00+00:00,2025-09-28 07:25:00+00:00,2025-09-28 09:15:00+00:00,109491.12384601,109292.75123137792,109336.4858257082,109601.97417431179,109734.71834861359,0.00027497595698758065,-0.05454769954858588,-0.05454769954858588,0.0,0.0,0.0,-1.2828191556314716,STOP,False,0.0,1.8333333333333333,,0.5,0.0,0.0,0.0,30.107426561202313,0.03,30.10140627994632,market,2.0,market,4.0,0.5,0,0
LONG,2025-09-28 10:15:00+00:00,2025-09-28 10:20:00+00:00,2025-09-28 10:35:00+00:00,109480.73176801,109354.3239471382,109398.08318041037,109519.59681960962,109580.35363920925,0.0002749871079298585,-0.034760521081251425,-0.034760521081251425,0.0,0.0,0.0,-1.5294613561232222,STOP,False,0.0,0.25,,0.5,0.0,0.0,0.0,30.105789802929653,0.03,30.099769848959863,market,2.0,market,4.0,0.5,0,0
LONG,2025-09-30 01:55:00+00:00,2025-09-30 02:00:00+00:00,2025-09-30 04:25:00+00:00,114526.67075401,114165.46383449154,114211.14829380906,114796.39170621094,115089.01341241188,0.00026286232351410607,-0.09494769013399497,-0.09494769013399497,0.0,0.0,0.0,-1.1447898805315637,STOP,False,0.0,2.4166666666666665,,0.5,0.0,0.0,0.0,30.104746778734086,0.03,30.098727033327425,market,2.0,market,4.0,0.5,0,0
LONG,2025-10-10 10:40:00+00:00,2025-10-10 10:45:00+00:00,2025-10-10 11:00:00+00:00,121343.55385801,121548.67302975823,121201.55961636669,121437.02038365329,121554.75076729659,0.0002480716677671039,0.03628219885727859,0.03628219885727859,0.0,0.010840071343983513,0.0,1.0300201014740773,TP2,True,0.0,0.25,121548.67302975823,0.5,0.0,0.0,0.0,30.101897778343936,0.03,30.095878602623408,market,2.0,maker_try,2.898982878802801,0.5,0,0
LONG,2025-10-12 13:40:00+00:00,2025-10-12 13:45:00+00:00,2025-10-12 13:45:00+00:00,111846.61485001,111371.47972468208,111416.04614313933,112232.45385688066,112640.65771375132,0.00026914526203919485,-0.127880367810407,-0.127880367810407,0.0,0.0,0.0,-1.1035059393450992,STOP,False,0.0,0.0,,0.5,0.0,0.0,0.0,30.102986462002843,0.03,30.096967068589127,market,2.0,market,4.0,0.5,0,0
LONG,2025-10-12 18:00:00+00:00,2025-10-12 18:05:00+00:00,2025-10-12 20:25:00+00:00,114100.99563600999,115276.9741850527,113475.90083903058,114680.4591609894,115282.7383219688,0.0002637939232336296,0.2307811756518309,0.2307811756518309,0.0,0.07567317810654614,0.0,1.3995541632397583,TP2,True,0.0,2.3333333333333335,115276.9741850527,0.5,0.0,0.0,0.0,30.099149283686323,0.03,30.093130657554813,market,2.0,maker_try,0.0,0.5,0,0
LONG,2025-10-13 06:15:00+00:00,2025-10-13 06:30:00+00:00,2025-10-13 11:05:00+00:00,115130.18143201001,114312.39615368858,114358.13940945236,115856.18059056764,116605.20118112529,0.0002614959320760042,-0.21384752359269762,-0.21384752359269762,0.0,0.0,0.0,-1.0592496968134457,STOP,False,0.0,4.583333333333333,,0.5,0.0,0.0,0.0,30.10607410364293,0.03,30.100054092824365,market,2.0,market,4.0,0.5,0,0
LONG,2025-10-13 13:50:00+00:00,2025-10-13 13:55:00+00:00,2025-10-13 14:30:00+00:00,115209.24724201001,114113.6346146755,114159.2983340091,116213.1216660109,117240.03333201181,0.00026126077650366283,-0.2862406057646334,-0.2862406057646334,0.0,0.0,0.0,-1.043491372756937,STOP,False,0.0,0.5833333333333334,,0.5,0.0,0.0,0.0,30.09965739485001,0.03,30.093638667116586,market,2.0,market,4.0,0.5,0,0
LONG,2025-10-14 19:00:00+00:00,2025-10-14 19:05:00+00:00,2025-10-14 19:35:00+00:00,112997.54499000999,112952.345972014,112591.0987613405,113358.80123867949,113742.65247734898,0.0002662984267657652,0.04132808988740085,0.04132808988740085,0.0,0.047346303579246685,0.0,0.3818331537084627,STOP,True,0.0,0.5,113353.13329861755,0.5,0.0,0.0,0.0,30.091068459233433,0.03,30.085051448943645,market,2.0,market,4.0,0.5,0,0
LONG,2025-10-14 22:50:00+00:00,2025-10-14 22:55:00+00:00,2025-10-14 23:55:00+00:00,113115.89865601,113070.6522965476,112769.3970882836,113417.16291173639,113741.04582346279,0.00026603076055126894,0.033300006476197935,0.033300006476197935,0.0,0.03931846818617695,0.0,0.3612495027960103,STOP,True,0.0,1.0,113411.4920535908,0.5,0.0,0.0,0.0,30.0923085498986,0.03,30.08629129164027,market,2.0,market,4.0,0.5,0,0
LONG,2025-10-15 07:10:00+00:00,2025-10-15 07:15:00+00:00,2025-10-15 08:30:00+00:00,112613.87827201,113406.35118159713,112181.02910867186,113001.69089134813,113412.02178268626,0.0002672255694560567,0.15694631276394935,0.15694631276394935,0.0,0.051061800492489894,0.0,1.3568646353869545,TP2,True,0.0,1.25,113406.35118159713,0.5,0.0,0.0,0.0,30.093307749892922,0.03,30.087290291834552,market,2.0,maker_try,0.0,0.5,0,0
LONG,2025-10-18 03:10:00+00:00,2025-10-18 03:15:00+00:00,2025-10-18 04:40:00+00:00,106844.83469401,106413.19604354966,106455.77835489162,107191.16164512838,107558.85329024676,0.0002816983822114621,-0.1215919095346175,-0.1215919095346175,0.0,0.0,0.0,-1.1094502442459986,STOP,False,0.0,1.4166666666666667,,0.5,0.0,0.0,0.0,30.098017080953717,0.03,30.091998681217472,market,2.0,market,4.0,0.5,0,0
LONG,2025-10-18 09:20:00+00:00,2025-10-18 09:25:00+00:00,2025-10-18 10:55:00+00:00,106851.41601001,106808.675443606,106602.79157249034,107057.30842752966,107284.56685504931,0.00028164688609551915,0.02222179647491375,0.02222179647491375,0.0,0.02824067019373614,0.0,0.317344077815788,STOP,True,0.0,1.5,107051.95556210828,0.5,0.0,0.0,0.0,30.09436859411622,0.03,30.088350923931433,market,2.0,market,4.0,0.5,0,0
LONG,2025-10-18 14:10:00+00:00,2025-10-18 14:15:00+00:00,2025-10-18 15:30:00+00:00,106908.09734401,106865.3341050724,106713.09945178678,107060.34054823322,107233.96109645643,0.0002815037974579337,0.014656065676192383,0.014656065676192383,0.0,0.020675072752461273,0.0,0.2669950610004141,STOP,True,0.0,1.25,107054.9875312058,0.5,0.0,0.0,0.0,30.09503538134125,0.03,30.089017577825683,market,2.0,market,4.0,0.5,0,0
LONG,2025-10-19 05:30:00+00:00,2025-10-19 05:35:00+00:00,2025-10-19 05:45:00+00:00,107044.29457801,106865.08227287146,106907.84541103587,107137.93458898412,107252.97917795824,0.00028114973590970266,-0.05038549226147025,-0.05038549226147025,0.0,0.0,0.0,-1.313399774529411,STOP,False,0.0,0.16666666666666666,,0.5,0.0,0.0,0.0,30.09547515124793,0.03,30.089457259795967,market,2.0,market,4.0,0.5,0,0
LONG,2025-10-19 19:15:00+00:00,2025-10-19 19:20:00+00:00,2025-10-19 19:35:00+00:00,109180.58175001,108812.64118563091,108856.18365909455,109461.31634092545,109763.8826818409,0.0002756347585056202,-0.10141720860704972,-0.10141720860704972,0.0,0.0,0.0,-1.1342254306761057,STOP,False,0.0,0.25,,0.5,0.0,0.0,0.0,30.09396328416713,0.03,30.087945695028125,market,2.0,market,4.0,0.5,0,0
LONG,2025-10-20 09:05:00+00:00,2025-10-20 09:10:00+00:00,2025-10-20 09:15:00+00:00,111156.62688001,110877.5951708818,110921.96395646439,111346.8360435556,111559.2720871012,0.00027070738834030877,-0.07553594524222512,-0.07553594524222512,0.0,0.0,0.0,-1.189074545361495,STOP,False,0.0,0.08333333333333333,,0.5,0.0,0.0,0.0,30.09092015940567,0.03,30.084903178769913,market,2.0,market,4.0,0.5,0,0
LONG,2025-10-22 15:30:00+00:00,2025-10-22 15:35:00+00:00,2025-10-22 16:50:00+00:00,108218.24932201,108174.9620222812,107632.68498654492,108760.53501347508,109324.46002694016,0.00027803678045374867,0.06861396742008544,0.06861396742008544,0.0,0.07463169814565238,0.0,0.42143991282664356,STOP,True,0.0,1.25,108755.0969867244,0.5,0.0,0.0,0.0,30.08865362783273,0.03,30.082637100412647,market,2.0,market,4.0,0.5,0,0
LONG,2025-10-23 08:00:00+00:00,2025-10-23 08:05:00+00:00,2025-10-23 09:10:00+00:00,109577.31108001,109121.19586152704,109164.86180624954,109945.93819377045,110336.4763875309,0.0002746071441428949,-0.1252524975477169,-0.1252524975477169,0.0,0.0,0.0,-1.105869854792994,STOP,False,0.0,1.0833333333333333,,0.5,0.0,0.0,0.0,30.090712458539137,0.03,30.08469551943525,market,2.0,market,4.0,0.5,0,0
LONG,2025-10-24 08:30:00+00:00,2025-10-24 08:35:00+00:00,2025-10-24 08:45:00+00:00,110861.80792800999,111161.7089269929,110675.82635483629,111003.4536451837,111167.26729035741,0.00027139151610837154,0.05916288147575865,0.05916288147575865,0.0,0.018467588077565558,0.0,1.1721498426813268,TP2,True,0.0,0.16666666666666666,111161.7089269929,0.5,0.0,0.0,0.0,30.086954132097716,0.03,30.08093794450882,market,2.0,maker_try,0.0,0.5,0,0
LONG,2025-10-26 06:10:00+00:00,2025-10-26 06:20:00+00:00,2025-10-26 06:30:00+00:00,111596.90491801,111629.18391348462,111544.50217413138,111604.6778258886,111634.76565176721,0.0002696197479278248,0.004647121415490039,0.004647121415490039,0.0,0.0002955941038740305,0.0,0.3289109205978995,TP2,True,0.0,0.16666666666666666,111629.18391348462,0.5,0.0,0.0,0.0,30.088729373519286,0.03,30.082712830953092,market,2.0,maker_try,0.0,0.5,0,0
LONG,2025-11-06 02:35:00+00:00,2025-11-06 02:40:00+00:00,2025-11-06 04:45:00+00:00,103242.47436601,104042.34442262218,102808.97160003391,103634.68839998609,104047.54679996218,0.000291438857890745,0.17295473355475527,0.17295473355475527,0.0,0.05639812567472713,0.0,1.3689674545625643,TP2,True,0.0,2.0833333333333335,104042.34442262218,0.5,0.0,0.0,0.0,30.088868815044478,0.03,30.082852244595554,market,2.0,maker_try,2.967677411167077,0.5,0,0
LONG,2025-11-07 07:35:00+00:00,2025-11-07 07:40:00+00:00,2025-11-07 08:20:00+00:00,101812.00833001,101771.28352667799,101590.8065303506,101992.49346966938,102193.33693932877,0.0002955845679542403,0.019901814137313453,0.019901814137313453,0.0,0.025920625836269733,0.0,0.3043843039732162,STOP,True,0.0,0.6666666666666666,101987.3938449959,0.5,0.0,0.0,0.0,30.094058494779517,0.03,30.088040886602197,market,2.0,market,4.0,0.5,0,0
LONG,2025-11-07 23:35:00+00:00,2025-11-07 23:40:00+00:00,2025-11-07 23:55:00+00:00,103630.94204401001,103327.66426761843,103369.01187236738,103851.42812765262,104092.63625529523,0.00029040222036999264,-0.088072539652989,-0.088072539652989,0.0,0.0,0.0,-1.1578573575149904,STOP,False,0.0,0.25,,0.5,0.0,0.0,0.0,30.09465566861453,0.03,30.08863794102632,market,2.0,market,4.0,0.5,0,0
LONG,2025-11-08 01:00:00+00:00,2025-11-08 01:05:00+00:00,2025-11-08 04:30:00+00:00,103009.49778000999,102426.07829004439,102467.06511609083,103510.73488392915,104032.56976784831,0.00029212852807277106,-0.17043347685261742,-0.17043347685261742,0.0,0.0,0.0,-1.0755611318653024,STOP,False,0.0,3.4166666666666665,,0.5,0.0,0.0,0.0,30.092012963989696,0.03,30.085995764836728,market,2.0,market,4.0,0.5,0,0
LONG,2025-11-08 22:40:00+00:00,2025-11-08 22:45:00+00:00,2025-11-08 23:35:00+00:00,102349.53581401,102308.59599968439,102203.34674222246,102454.79325779754,102580.51651558508,0.00029396224123338764,0.008700531237444142,0.008700531237444142,0.0,0.014717911024861854,0.0,0.20246003711230867,STOP,True,0.0,0.8333333333333334,102449.67051813465,0.5,0.0,0.0,0.0,30.086898937083255,0.03,30.08088276053115,market,2.0,market,4.0,0.5,0,0
LONG,2025-11-12 11:45:00+00:00,2025-11-12 11:50:00+00:00,2025-11-12 12:05:00+00:00,104869.22965200999,105085.62370037148,104726.95087787314,104969.56912214684,105090.8782442837,0.0002869016975242642,0.04468279337076449,0.04468279337076449,0.0,0.01364088346623545,0.0,1.0946293357244727,TP2,True,0.0,0.25,105085.62370037148,0.5,0.0,0.0,0.0,30.08716000522357,0.03,30.081143776468274,market,2.0,maker_try,1.9747896967364782,0.5,0,0
LONG,2025-11-15 01:05:00+00:00,2025-11-15 01:10:00+00:00,2025-11-15 01:55:00+00:00,95038.21384201001,95773.66670690001,94639.58718517426,95398.83281484575,95778.4556296815,0.00031659371047461067,0.17274965826476443,0.17274965826476443,0.0,0.0563297825774104,0.0,1.368827043263508,TP2,True,0.0,0.75,95773.66670690001,0.5,0.0,0.0,0.0,30.08850075712145,0.03,30.082484260269396,market,2.0,maker_try,0.0,0.5,0,0
LONG,2025-11-15 07:20:00+00:00,2025-11-15 07:25:00+00:00,2025-11-15 08:20:00+00:00,96267.63967801,95867.1991187029,95905.5613432402,96591.21865677979,96934.04731354958,0.0003126043640835365,-0.12517946639545127,-0.12517946639545127,0.0,0.0,0.0,-1.1059500689586594,STOP,False,0.0,0.9166666666666666,,0.5,0.0,0.0,0.0,30.093684283367345,0.03,30.087666750017338,market,2.0,market,4.0,0.5,0,0
LONG,2025-11-15 17:15:00+00:00,2025-11-15 17:20:00+00:00,2025-11-15 17:20:00+00:00,96003.98695800999,96282.7918387192,95833.3818904999,96136.19810952008,96287.60621903016,0.00031342373480238215,0.06365780578438383,0.06365780578438383,0.0,0.019965772287876795,0.0,1.1904957696810634,TP2,True,0.0,0.0,96282.7918387192,0.5,0.0,0.0,0.0,30.08992814829868,0.03,30.083911366025475,market,2.0,maker_try,0.1379418829181169,0.5,0,0
LONG,2025-11-17 00:20:00+00:00,2025-11-17 00:25:00+00:00,2025-11-17 00:35:00+00:00,94119.09005401,94920.43475024226,93687.81449536864,94512.72550465136,94925.18100929272,0.0003197208796552423,0.19027460957106831,0.19027460957106831,0.0,0.06217129397784723,0.0,1.3799234465640022,TP2,True,0.0,0.16666666666666666,94920.43475024226,0.5,0.0,0.0,0.0,30.091838264419046,0.03,30.085821100199006,market,2.0,maker_try,3.260115492541898,0.5,0,0
LONG,2025-11-17 05:15:00+00:00,2025-11-17 05:25:00+00:00,2025-11-17 07:20:00+00:00,95143.13482201,95609.69634768185,94878.92646424728,95369.29353577271,95614.47707153542,0.0003163396676035442,0.1088132178770695,0.1088132178770695,0.0,0.03501725890325261,0.0,1.3019114546247588,TP2,True,0.0,1.9166666666666667,95609.69634768185,0.5,0.0,0.0,0.0,30.097547644353835,0.03,30.091529338486136,market,2.0,maker_try,0.0,0.5,0,0
LONG,2025-11-19 12:20:00+00:00,2025-11-19 12:30:00+00:00,2025-11-19 13:35:00+00:00,91475.72148600999,91439.13119741558,91181.69970802296,91733.16029199702,92008.89058398404,0.0003290579424221647,0.03558134123566152,0.03558134123566152,0.0,0.041601503774416196,0.0,0.367765035737525,STOP,True,0.0,1.0833333333333333,91728.57363398242,0.5,0.0,0.0,0.0,30.100812693769452,0.03,30.09479373502245,market,2.0,market,4.0,0.5,0,0
LONG,2025-11-19 14:30:00+00:00,2025-11-19 14:35:00+00:00,2025-11-19 15:20:00+00:00,91679.18217001001,91642.51049714201,90988.12125849637,92333.57874152364,93006.30748303728,0.00032833932017056614,0.10065376802504553,0.10065376802504553,0.0,0.10667414409454443,0.0,0.4435992612906175,STOP,True,0.0,0.75,92328.96206258656,0.5,0.0,0.0,0.0,30.101880347494575,0.03,30.09586117525952,market,2.0,market,4.0,0.5,0,0
LONG,2025-11-20 00:10:00+00:00,2025-11-20 00:15:00+00:00,2025-11-20 00:35:00+00:00,91518.30000001,92226.73812153701,91134.32515550427,91865.67484451573,92231.34968902146,0.00032894951681198886,0.17289910327635782,0.17289910327635782,0.0,0.0563789143926061,0.0,1.3688653011158545,TP2,True,0.0,0.3333333333333333,92226.73812153701,0.5,0.0,0.0,0.0,30.104900564457928,0.03,30.09888078830027,market,2.0,maker_try,0.0,0.5,0,0
LONG,2025-11-20 04:20:00+00:00,2025-11-20 04:25:00+00:00,2025-11-20 04:55:00+00:00,92334.25315800999,92779.12500348146,92081.80290416947,92549.77709585051,92783.76419169104,0.000326098793731769,0.1069226248950163,0.1069226248950163,0.0,0.03438653880828033,0.0,1.2988069619281601,TP2,True,0.0,0.5,92779.12500348146,0.5,0.0,0.0,0.0,30.11008857495084,0.03,30.10406776139856,market,2.0,maker_try,19.079358052126924,0.5,0,0
LONG,2025-11-22 01:15:00+00:00,2025-11-22 01:25:00+00:00,2025-11-22 02:30:00+00:00,84932.43309001,84472.25301295792,84506.05543513197,85324.84456488802,85734.23912976604,0.0003545559193308387,-0.16315957027693592,-0.16315957027693592,0.0,0.0,0.0,-1.0792781277051642,STOP,False,0.0,1.0833333333333333,,0.5,0.0,0.0,0.0,30.113296895233443,0.03,30.10727544014541,market,2.0,market,4.0,0.5,0,0
LONG,2025-11-22 06:25:00+00:00,2025-11-22 06:30:00+00:00,2025-11-22 08:30:00+00:00,84569.05042801,84002.93702440352,84036.55164506155,85067.72835495844,85583.31670990688,0.00035602151114133297,-0.2015485494293409,-0.2015485494293409,0.0,0.0,0.0,-1.0631261924617115,STOP,False,0.0,2.0,,0.5,0.0,0.0,0.0,30.10840112916771,0.03,30.102380653037105,market,2.0,market,4.0,0.5,0,0
LONG,2025-11-23 05:50:00+00:00,2025-11-23 05:55:00+00:00,2025-11-23 06:50:00+00:00,86292.25500001,85951.99363097532,85986.38818624982,86563.61181377017,86852.22362753034,0.0003488418915856359,-0.11869741960757486,-0.11869741960757486,0.0,0.0,0.0,-1.1124494509609233,STOP,False,0.0,0.9166666666666666,,0.5,0.0,0.0,0.0,30.102353463393538,0.03,30.096334196554224,market,2.0,market,4.0,0.5,0,0
LONG,2025-11-23 13:30:00+00:00,2025-11-23 13:35:00+00:00,2025-11-23 14:00:00+00:00,86596.55584801,87154.8896619337,86289.23618785755,86869.24381216246,87159.24762431491,0.0003475749299019317,0.1436663288476842,0.1436663288476842,0.0,0.04663491072947975,0.0,1.3449811760748698,TP2,True,0.0,0.4166666666666667,87154.8896619337,0.5,0.0,0.0,0.0,30.098791828620787,0.03,30.092773273965996,market,2.0,maker_try,0.0,0.5,0,0
LONG,2025-11-23 15:10:00+00:00,2025-11-23 15:20:00+00:00,2025-11-23 16:05:00+00:00,86783.09314801001,87459.34072593882,86416.7530441978,87114.7269558222,87463.7139116344,0.00034687750330750314,0.17405023588327875,0.17405023588327875,0.0,0.056762700158433384,0.0,1.3696639256121794,TP2,True,0.0,0.75,87459.34072593882,0.5,0.0,0.0,0.0,30.103102680484195,0.03,30.097083263831426,market,2.0,maker_try,0.0,0.5,0,0
LONG,2025-11-23 17:25:00+00:00,2025-11-23 17:35:00+00:00,2025-11-23 21:50:00+00:00,86942.37499801001,87865.01803084,86452.77924930747,87397.20075071254,87869.41150141507,0.0003463020791938482,0.23775350641887555,0.23775350641887555,0.0,0.07799690610750375,0.0,1.4022782358034864,TP2,True,0.0,4.25,87865.01803084,0.5,0.0,0.0,0.0,30.10832523186211,0.03,30.102304770907924,market,2.0,maker_try,3.5339424875376064,0.5,0,0
LONG,2025-11-24 01:45:00+00:00,2025-11-24 01:50:00+00:00,2025-11-24 01:55:00+00:00,86596.94592601,87039.34579614928,86347.59600949084,86811.66399052917,87043.69798104833,0.0003477658356370547,0.11350683055752747,0.11350683055752747,0.0,0.03658105029517104,0.0,1.3089584319326608,TP2,True,0.0,0.08333333333333333,87039.34579614928,0.5,0.0,0.0,0.0,30.11545926357571,0.03,30.10943737610049,market,2.0,maker_try,3.5160466193764357,0.5,0,0
LONG,2025-11-24 06:40:00+00:00,2025-11-24 06:45:00+00:00,2025-11-24 07:00:00+00:00,87110.89869601,86776.24203177543,86810.96641834277,87375.99358167722,87658.50716334445,0.0003457531216000757,-0.1157085863233715,-0.1157085863233715,0.0,0.0,0.0,-1.115774090195997,STOP,False,0.0,0.25,,0.5,0.0,0.0,0.0,30.11886514953342,0.03,30.112842581017215,market,2.0,market,4.0,0.5,0,0
LONG,2025-11-25 06:30:00+00:00,2025-11-25 06:35:00+00:00,2025-11-25 06:40:00+00:00,87976.70182201,87828.69178870718,87863.83732363663,88054.38267638336,88149.65535275673,0.00034231100477737997,-0.05066546321702316,-0.05066546321702316,0.0,0.0,0.0,-1.3113958369193317,STOP,False,0.0,0.08333333333333333,,0.5,0.0,0.0,0.0,30.1153931976922,0.03,30.109371323427514,market,2.0,market,4.0,0.5,0,0
LONG,2025-11-26 00:40:00+00:00,2025-11-26 00:45:00+00:00,2025-11-26 01:05:00+00:00,87563.54920801,87308.96081090218,87343.89837025027,87748.18162976971,87950.32325952942,0.0003439087748518102,-0.08755518374083468,-0.08755518374083468,0.0,0.0,0.0,-1.1590595315020529,STOP,False,0.0,0.3333333333333333,,0.5,0.0,0.0,0.0,30.113872929802913,0.03,30.107851359531004,market,2.0,market,4.0,0.5,0,0
LONG,2025-11-26 01:10:00+00:00,2025-11-26 01:15:00+00:00,2025-11-26 01:40:00+00:00,87556.62782401,88020.62817425582,87296.16528715144,87782.07471286855,88025.0294257271,0.00034390595546328703,0.11779778629594301,0.11779778629594301,0.0,0.03801154440264743,0.0,1.3150799796992847,TP2,True,0.0,0.4166666666666667,88020.62817425582,0.5,0.0,0.0,0.0,30.11124574895958,0.03,30.105224704018777,market,2.0,maker_try,6.3571723965082905,0.5,0,0
LONG,2025-11-26 03:15:00+00:00,2025-11-26 03:20:00+00:00,2025-11-26 03:30:00+00:00,87791.29474801,87596.98693678451,87632.03975268558,87915.44024733442,88057.14049465884,0.00034302695359231846,-0.06665281654387044,-0.06665281654387044,0.0,0.0,0.0,-1.2201049695782935,STOP,False,0.0,0.16666666666666666,,0.5,0.0,0.0,0.0,30.114780389335177,0.03,30.108758637607657,market,2.0,market,4.0,0.5,0,0
LONG,2025-11-27 10:40:00+00:00,2025-11-27 10:55:00+00:00,2025-11-27 11:30:00+00:00,91627.32180001,91275.62848637499,91312.15334771408,91905.84665230592,92202.69330460184,0.00032864411851573597,-0.11558193904745698,-0.11558193904745698,0.0,0.0,0.0,-1.1158899663751622,STOP,False,0.0,0.5833333333333334,,0.5,0.0,0.0,0.0,30.112780404921963,0.03,30.10675905311134,market,2.0,market,4.0,0.5,0,0
LONG,2025-12-02 00:00:00+00:00,2025-12-02 00:05:00+00:00,2025-12-02 00:10:00+00:00,86389.36441801,86354.80867224278,86221.49983358376,86522.68016643623,86673.27033286246,0.00034853031337943113,0.016456532917229597,0.016456532917229597,0.0,0.022478395367882632,0.0,0.28127990479192816,STOP,True,0.0,0.08333333333333333,86518.3540324279,0.5,0.0,0.0,0.0,30.1093122532589,0.03,30.103291594939915,market,2.0,market,4.0,0.5,0,0
LONG,2025-12-02 21:20:00+00:00,2025-12-02 21:25:00+00:00,2025-12-02 23:45:00+00:00,91351.26660001,91314.72609337,90856.5119629869,91809.4880370331,92285.97607405619,0.000329604691523591,0.06873748554056658,0.06873748554056658,0.0,0.07475944675016272,0.0,0.42151242734262107,STOP,True,0.0,2.3333333333333335,91804.89756263125,0.5,0.0,0.0,0.0,30.109806047985618,0.03,30.103785290927433,market,2.0,market,4.0,0.5,0,0
LONG,2025-12-03 17:10:00+00:00,2025-12-03 17:15:00+00:00,2025-12-03 18:50:00+00:00,92648.51599801,92611.4565916108,92140.43975025989,93119.54024976012,93609.09049951023,0.00032501188238809477,0.0697652417122874,0.0697652417122874,0.0,0.07578761542928258,0.0,0.42248468634335207,STOP,True,0.0,1.5833333333333333,93114.88427274763,0.5,0.0,0.0,0.0,30.111868584976744,0.03,30.105847415493646,market,2.0,market,4.0,0.5,0,0
LONG,2025-12-03 19:00:00+00:00,2025-12-03 19:05:00+00:00,2025-12-03 21:55:00+00:00,92773.57100401001,93574.28548078572,92343.04778551141,93166.99221450859,93578.96442900717,0.00032459634392555543,0.1930499974939493,0.1930499974939493,0.0,0.0630955016491191,0.0,1.3814322742124707,TP2,True,0.0,2.8333333333333335,93574.28548078572,0.5,0.0,0.0,0.0,30.11396196081957,0.03,30.107940372745016,market,2.0,maker_try,18.275471162252668,0.5,0,0
LONG,2025-12-03 23:45:00+00:00,2025-12-03 23:50:00+00:00,2025-12-04 00:00:00+00:00,93623.99105401001,93356.98059593202,93394.33833126453,93816.20166875547,94027.13333750094,0.000321709791261396,-0.08589987873287926,-0.08589987873287926,0.0,0.0,0.0,-1.1626705526757988,STOP,False,0.0,0.16666666666666666,,0.5,0.0,0.0,0.0,30.119754619044368,0.03,30.113731872669835,market,2.0,market,4.0,0.5,0,0
LONG,2025-12-04 03:45:00+00:00,2025-12-04 03:50:00+00:00,2025-12-04 04:00:00+00:00,93626.42154001,93329.37773309964,93366.72442286879,93848.6755771512,94089.6511542924,0.00032167391011962297,-0.0955512428456721,-0.0955512428456721,0.0,0.0,0.0,-1.1438086420838023,STOP,False,0.0,0.16666666666666666,,0.5,0.0,0.0,0.0,30.117177107283105,0.03,30.111154876307847,market,2.0,market,4.0,0.5,0,0
LONG,2025-12-04 07:40:00+00:00,2025-12-04 07:50:00+00:00,2025-12-04 11:30:00+00:00,93315.09928801,92940.37672287278,92977.56774997278,93615.31225004722,93934.18450008445,0.000322716368802703,-0.12092910552951595,-0.12092910552951595,0.0,0.0,0.0,-1.1101853394686134,STOP,False,0.0,3.6666666666666665,,0.5,0.0,0.0,0.0,30.114309996690285,0.03,30.10828833902248,market,2.0,market,4.0,0.5,0,0
LONG,2025-12-07 02:05:00+00:00,2025-12-07 02:10:00+00:00,2025-12-07 02:55:00+00:00,89421.88080001,89643.05839790219,89282.22961254453,89525.77038747547,89647.54077494094,0.00033672610247699464,0.05397566159098023,0.05397566159098023,0.0,0.016737526344248983,0.0,1.1478273212591197,TP2,True,0.0,0.75,89643.05839790219,0.5,0.0,0.0,0.0,30.110681397949765,0.03,30.104660465856593,market,2.0,maker_try,0.0,0.5,0,0
LONG,2025-12-09 14:50:00+00:00,2025-12-09 14:55:00+00:00,2025-12-09 15:00:00+00:00,90332.74293600999,91006.35682473847,89966.5663149615,90662.79368505848,91010.90737010697,0.0003333486841308743,0.16652958508145746,0.16652958508145746,0.0,0.05425543337149814,0.0,1.3642753805961811,TP2,True,0.0,0.08333333333333333,91006.35682473847,0.5,0.0,0.0,0.0,30.112300991651463,0.03,30.106279735704323,market,2.0,maker_try,0.0,0.5,0,0
LONG,2025-12-10 09:25:00+00:00,2025-12-10 09:30:00+00:00,2025-12-10 09:45:00+00:00,92548.78605601,92751.14679362421,92417.52770858831,92643.03229143168,92755.78458285336,0.0003254207771040303,0.047507336640870215,0.047507336640870215,0.0,0.014581142395988546,0.0,1.1122142978203644,TP2,True,0.0,0.25,92751.14679362421,0.5,0.0,0.0,0.0,30.117297878381418,0.03,30.111275623256766,market,2.0,maker_try,9.315533623143232,0.5,0,0
LONG,2025-12-11 18:00:00+00:00,2025-12-11 18:05:00+00:00,2025-12-11 18:40:00+00:00,90217.03980001,90887.94273087148,89852.25632239538,90545.74367762462,90892.48735523924,0.0003338473912499324,0.16610235113482028,0.16610235113482028,0.0,0.05411275450980009,0.0,1.3639317325982212,TP2,True,0.0,0.5833333333333334,90887.94273087148,0.5,0.0,0.0,0.0,30.118723383524664,0.03,30.11270084335599,market,2.0,maker_try,28.973270277715486,0.5,0,0
LONG,2025-12-12 08:45:00+00:00,2025-12-12 08:50:00+00:00,2025-12-12 10:10:00+00:00,92270.82047400999,92595.27467158082,92078.60266660791,92426.13733341207,92599.90466681415,0.0003264705710420965,0.07756120512384687,0.07756120512384687,0.0,0.024598831544870317,0.0,1.2359670431375045,TP2,True,0.0,1.3333333333333333,92595.27467158082,0.5,0.0,0.0,0.0,30.12370745067281,0.03,30.117683913890033,market,2.0,maker_try,0.0,0.5,0,0
LONG,2025-12-14 02:40:00+00:00,2025-12-14 02:45:00+00:00,2025-12-14 04:40:00+00:00,90327.45187801,90190.8608240341,90226.95160467597,90391.82839534403,90474.26679067806,0.00033352025464949346,-0.04555588310488691,-0.04555588310488691,0.0,0.0,0.0,-1.3591112685028486,STOP,False,0.0,1.9166666666666667,,0.5,0.0,0.0,0.0,30.126034752193764,0.03,30.12001075004375,market,2.0,market,4.0,0.5,0,0
LONG,2025-12-16 19:30:00+00:00,2025-12-16 19:35:00+00:00,2025-12-16 20:10:00+00:00,87530.58261601,87495.57038296359,87259.85103045098,87766.30896956901,88019.53793912803,0.00034416162787948,0.033783904332810345,0.033783904332810345,0.0,0.03980883789328398,0.0,0.36258385710472685,STOP,True,0.0,0.5833333333333334,87761.92065412053,0.5,0.0,0.0,0.0,30.124667802365316,0.03,30.118644073550605,market,2.0,market,4.0,0.5,0,0
LONG,2025-12-17 13:20:00+00:00,2025-12-17 13:25:00+00:00,2025-12-17 13:45:00+00:00,87026.73186601,87431.40764643947,86796.10528230938,87222.55471771062,87435.77943541124,0.000346165837510496,0.10318121924001933,0.10318121924001933,0.0,0.033138754013727796,0.0,1.2924301588061116,TP2,True,0.0,0.3333333333333333,87431.40764643947,0.5,0.0,0.0,0.0,30.12568152219872,0.03,30.119657590680585,market,2.0,maker_try,9.130517365186614,0.5,0,0
LONG,2025-12-18 15:20:00+00:00,2025-12-18 15:25:00+00:00,2025-12-18 15:35:00+00:00,88351.26672001001,89236.39334107097,87879.97230809492,88787.22769192509,89240.85538384017,0.0003410112689537659,0.2244959421103656,0.2244959421103656,0.0,0.07357686599398693,0.0,1.3968426086798713,TP2,True,0.0,0.16666666666666666,89236.39334107097,0.5,0.0,0.0,0.0,30.12877757786324,0.03,30.122753027257787,market,2.0,maker_try,9.250735053858818,0.5,0,0
LONG,2025-12-19 05:35:00+00:00,2025-12-19 05:40:00+00:00,2025-12-19 06:15:00+00:00,86924.81148600999,86890.04156141558,86654.38485643784,87160.47514358214,87413.52028715429,0.00034668483356966874,0.03406797482081451,0.03406797482081451,0.0,0.040095077581435906,0.0,0.3633808355551272,STOP,True,0.0,0.5833333333333334,87156.11711982496,0.5,0.0,0.0,0.0,30.135513803102203,0.03,30.1294879055211,market,2.0,market,4.0,0.5,0,0
LONG,2025-12-20 01:05:00+00:00,2025-12-20 01:10:00+00:00,2025-12-20 05:15:00+00:00,88099.54638601,88362.53754928873,87939.4170514732,88224.44294854678,88366.95589708358,0.00034207368009263995,0.06558860941940131,0.06558860941940131,0.0,0.020607431892102214,0.0,1.1973961697191569,TP2,True,0.0,4.083333333333333,88362.53754928873,0.5,0.0,0.0,0.0,30.136536046754678,0.03,30.130509944765723,market,2.0,maker_try,4.238964533066188,0.5,0,0
LONG,2025-12-20 07:40:00+00:00,2025-12-20 07:45:00+00:00,2025-12-20 08:00:00+00:00,88233.64320001,88292.3646450832,88175.61025798629,88256.3897420337,88296.7794840574,0.00034157610414261463,0.013160101978105259,0.013160101978105259,0.0,0.0031311807592413372,0.0,0.6638916184734734,TP2,True,0.0,0.25,88292.3646450832,0.5,0.0,0.0,0.0,30.13850409856892,0.03,30.132477603048308,market,2.0,maker_try,8.599837647411192,0.5,0,0
LONG,2025-12-20 13:40:00+00:00,2025-12-20 13:45:00+00:00,2025-12-21 09:35:00+00:00,88215.00947400999,88919.79527078166,87833.93425858709,88560.8057414329,88924.2414828558,0.000341652731891033,0.17871069012339913,0.17871069012339913,0.0,0.058314693690879396,0.0,1.3726345634241046,TP2,True,0.0,19.833333333333332,88919.79527078166,0.5,0.0,0.0,0.0,30.13889898058887,0.03,30.13287240610765,market,2.0,maker_try,0.0,0.5,0,0
LONG,2025-12-21 22:20:00+00:00,2025-12-21 22:25:00+00:00,2025-12-21 23:00:00+00:00,88305.37754401,88657.3640562024,88100.68142698515,88474.75857303485,88661.7971460597,0.0003413638241740521,0.08823295678683694,0.08823295678683694,0.0,0.02815522585699583,0.0,1.2627103308115715,TP2,True,0.0,0.5833333333333334,88657.3640562024,0.5,0.0,0.0,0.0,30.14426137355672,0.03,30.138233726811357,market,2.0,maker_try,5.389307500070673,0.5,0,0
LONG,2025-12-22 03:40:00+00:00,2025-12-22 03:45:00+00:00,2025-12-22 06:10:00+00:00,88733.95324201,88698.4596607132,88536.16674092185,88896.25325909816,89076.29651818631,0.0003397449092506495,0.020785869272759515,0.020785869272759515,0.0,0.02681525105109101,0.0,0.30932753867227036,STOP,True,0.0,2.4166666666666665,88891.8084464352,0.5,0.0,0.0,0.0,30.146908891658065,0.03,30.14088071551496,market,2.0,market,4.0,0.5,0,0
LONG,2026-01-07 03:50:00+00:00,2026-01-07 04:00:00+00:00,2026-01-07 04:15:00+00:00,92882.97288001,92682.76317107856,92719.85111152317,93008.94888849682,93153.49777698364,0.0003245754486282138,-0.06498315609614425,-0.06498315609614425,0.0,0.0,0.0,-1.2273635259637117,STOP,False,0.0,0.25,,0.5,0.0,0.0,0.0,30.147532592451462,0.03,30.14150429159314,market,2.0,market,4.0,0.5,0,0
LONG,2026-01-08 22:45:00+00:00,2026-01-08 22:55:00+00:00,2026-01-09 01:30:00+00:00,91249.69629000999,91213.19641149399,91003.1721174268,91459.72788259319,91688.00576517638,0.0003303636497820319,0.027908910968302638,0.027908910968302638,0.0,0.03393802750987569,0.0,0.3426818674668927,STOP,True,0.0,2.5833333333333335,91455.15489619906,0.5,0.0,0.0,0.0,30.145582707869636,0.03,30.139554796910257,market,2.0,market,4.0,0.5,0,0
LONG,2026-01-13 03:10:00+00:00,2026-01-13 03:15:00+00:00,2026-01-13 05:00:00+00:00,91306.54765801,91685.90306115597,91087.19120724736,91489.38879277262,91690.48758553524,0.00033016712290520514,0.09205423700742317,0.09205423700742317,0.0,0.02942889599979713,0.0,1.2710409621652263,TP2,True,0.0,1.75,91685.90306115597,0.5,0.0,0.0,0.0,30.146420142652154,0.03,30.140392064239308,market,2.0,maker_try,0.0,0.5,0,0
LONG,2026-01-13 10:00:00+00:00,2026-01-13 10:05:00+00:00,2026-01-13 12:05:00+00:00,92335.73345401,91893.66333784074,91930.43551204556,92704.10448797444,93090.93897593889,0.0003265169528014235,-0.14434338725615672,-0.14434338725615672,0.0,0.0,0.0,-1.0907287464293178,STOP,False,0.0,2.0,,0.5,0.0,0.0,0.0,30.149182322087803,0.03,30.143153691349532,market,2.0,market,4.0,0.5,0,0
LONG,2026-01-13 23:50:00+00:00,2026-01-13 23:55:00+00:00,2026-01-14 04:05:00+00:00,95386.59350401,95348.4388666084,95003.36039076462,95731.67960925539,96095.83921850077,0.0003160281759421728,0.0477431482587927,0.0477431482587927,0.0,0.053772118489674565,0.0,0.39420508486940076,STOP,True,0.0,4.166666666666667,95726.89302527493,0.5,0.0,0.0,0.0,30.144851154409793,0.03,30.138823389731847,market,2.0,market,4.0,0.5,0,0
LONG,2026-01-14 17:40:00+00:00,2026-01-14 17:45:00+00:00,2026-01-14 18:10:00+00:00,97244.75506201,96697.752174558,96736.44675325931,97714.17324676068,98203.03649351136,0.00031000421273201913,-0.16957319948669608,-0.16957319948669608,0.0,0.0,0.0,-1.0761242301870166,STOP,False,0.0,0.4166666666666667,,0.5,0.0,0.0,0.0,30.14628373531644,0.03,30.140255684179607,market,2.0,market,4.0,0.5,0,0
LONG,2026-01-14 18:25:00+00:00,2026-01-14 18:30:00+00:00,2026-01-14 18:30:00+00:00,97061.80848000999,96507.41184426904,96546.03025637158,97538.7697436484,98035.13948728681,0.0003105361005930594,-0.17216016944490592,-0.17216016944490592,0.0,0.0,0.0,-1.0748740647290633,STOP,False,0.0,0.0,,0.5,0.0,0.0,0.0,30.14119552189265,0.03,30.13516848819501,market,2.0,market,4.0,0.5,0,0
LONG,2026-01-15 07:15:00+00:00,2026-01-15 07:20:00+00:00,2026-01-15 08:25:00+00:00,96398.79590401001,96360.2363856484,96162.95634525397,96596.08365476603,96812.64730952206,0.00031261832060492246,0.024055734085635154,0.024055734085635154,0.0,0.030082940022405694,0.0,0.32627780730134404,STOP,True,0.0,1.0833333333333333,96591.25385058329,0.5,0.0,0.0,0.0,30.13602968384829,0.03,30.130003683111664,market,2.0,market,4.0,0.5,0,0
LONG,2026-01-15 13:40:00+00:00,2026-01-15 13:45:00+00:00,2026-01-15 14:20:00+00:00,96868.86990001,96830.12235204999,96588.4392131023,97110.56078691769,97371.62157382538,0.00031110873422300704,0.030813424058348117,0.030813424058348117,0.0,0.03684077435839021,0.0,0.3531849761034314,STOP,True,0.0,0.5833333333333334,97105.70525887834,0.5,0.0,0.0,0.0,30.136751500205257,0.03,30.13072535513423,market,2.0,market,4.0,0.5,0,0
LONG,2026-01-22 04:05:00+00:00,2026-01-22 04:10:00+00:00,2026-01-22 07:15:00+00:00,89973.73114801,89937.7416555508,89769.03644806815,90142.44355195186,90329.14710389372,0.0003349608347155238,0.021473633904664,0.021473633904664,0.0,0.0275011691222262,0.0,0.31318785816502587,STOP,True,0.0,3.0833333333333335,90137.93642977426,0.5,0.0,0.0,0.0,30.137676087807552,0.03,30.131649757855982,market,2.0,market,4.0,0.5,0,0
LONG,2026-01-24 01:00:00+00:00,2026-01-24 01:05:00+00:00,2026-01-24 01:30:00+00:00,89520.99061801,89485.18222176279,89415.43274775833,89590.74725226166,89678.40450451332,0.00033666205230310775,0.004960496618396155,0.004960496618396155,0.0,0.010988160703528952,0.0,0.1395855210587137,STOP,True,0.0,0.4166666666666667,89586.26771489905,0.5,0.0,0.0,0.0,30.1383204256665,0.03,30.132293966873124,market,2.0,market,4.0,0.5,0,0
LONG,2026-01-26 21:10:00+00:00,2026-01-26 21:15:00+00:00,2026-01-26 23:30:00+00:00,87862.38896401001,88506.63935828724,87511.6975442486,88177.94245577141,88511.06491153281,0.0003430190053524869,0.16385931940833073,0.16385931940833073,0.0,0.053364254686869096,0.0,1.3621590593317559,TP2,True,0.0,2.25,88506.63935828724,0.5,0.0,0.0,0.0,30.138469270328038,0.03,30.13244278177168,market,2.0,maker_try,4.931732222366817,0.5,0,0
LONG,2026-01-27 16:00:00+00:00,2026-01-27 16:05:00+00:00,2026-01-27 17:35:00+00:00,88317.66000001,87548.29574059095,87583.32907221984,89016.67092780015,89733.3418555903,0.000341306438973392,-0.2625889756557156,-0.2625889756557156,0.0,0.0,0.0,-1.0477078253183691,STOP,False,0.0,1.5,,0.5,0.0,0.0,0.0,30.1433860330662,0.03,30.137358561353928,market,2.0,market,4.0,0.5,0,0
LONG,2026-01-28 01:35:00+00:00,2026-01-28 01:40:00+00:00,2026-01-28 02:05:00+00:00,89330.60254801,89294.87030699081,89162.41999154091,89463.0600084791,89613.38001694818,0.0003373480747772477,0.01556052850547503,0.01556052850547503,0.0,0.021587629863126744,0.0,0.27426169629672,STOP,True,0.0,0.4166666666666667,89458.58685547867,0.5,0.0,0.0,0.0,30.135506788262674,0.03,30.129480892084256,market,2.0,market,4.0,0.5,0,0
LONG,2026-01-28 14:30:00+00:00,2026-01-28 14:35:00+00:00,2026-01-28 14:35:00+00:00,90130.55250601,89817.74128344348,89853.6827565461,90371.3772434739,90630.22448693779,0.00033435913638132323,-0.10459129022772902,-0.10459129022772902,0.0,0.0,0.0,-1.1298136512645798,STOP,False,0.0,0.0,,0.5,0.0,0.0,0.0,30.135973697481013,0.03,30.129947707939422,market,2.0,market,4.0,0.5,0,0
LONG,2026-01-28 16:20:00+00:00,2026-01-28 16:25:00+00:00,2026-01-28 17:50:00+00:00,89544.47531401001,90162.68693166046,89206.25735430249,89846.88264571752,90167.19529142503,0.00033651250091709336,0.15414402754058823,0.15414402754058823,0.0,0.05012605876481089,0.0,1.3543435215828241,TP2,True,0.0,1.4166666666666667,90162.68693166046,0.5,0.0,0.0,0.0,30.132835331226435,0.03,30.12680996923259,market,2.0,maker_try,33.95088002140155,0.5,0,0
LONG,2026-01-28 19:50:00+00:00,2026-01-28 19:55:00+00:00,2026-01-28 21:00:00+00:00,89607.59793600999,88898.4116151532,88933.9852092369,90245.37479078308,90901.06958155618,0.00033632706680117004,-0.23851855510927464,-0.23851855510927464,0.0,0.0,0.0,-1.0528101573349171,STOP,False,0.0,1.0833333333333333,,0.5,0.0,0.0,0.0,30.13746057691682,0.03,30.131434290058806,market,2.0,market,4.0,0.5,0,0
LONG,2026-01-31 05:30:00+00:00,2026-01-31 05:35:00+00:00,2026-01-31 06:25:00+00:00,84083.24328601,83848.37642926432,83881.9292009447,84250.93079907529,84435.43159814058,0.00035833897946423973,-0.08416194975621971,-0.08416194975621971,0.0,0.0,0.0,-1.1666687736702266,STOP,False,0.0,0.8333333333333334,,0.5,0.0,0.0,0.0,30.13030358915221,0.03,30.12427873340553,market,2.0,market,4.0,0.5,0,0
LONG,2026-02-06 18:35:00+00:00,2026-02-06 18:40:00+00:00,2026-02-07 00:00:00+00:00,70258.32885601,70230.2255244676,69184.7547559564,71303.8052440636,72363.3304881172,0.0004288143301477153,0.21736767053202175,0.21736767053202175,0.0,0.2233932261771583,0.0,0.4721648306336578,STOP,True,0.0,5.333333333333333,71300.24005380139,0.5,0.0,0.0,0.0,30.127778225687827,0.03,30.12175387491284,market,2.0,market,4.0,0.5,0,0
LONG,2026-02-07 01:25:00+00:00,2026-02-07 01:30:00+00:00,2026-02-07 02:45:00+00:00,70188.75494401,70160.6794420324,69694.45287941702,70654.98712060298,71135.25424119596,0.0004293323137594921,0.09329904772341495,0.09329904772341495,0.0,0.09932590783541541,0.0,0.4396339368086918,STOP,True,0.0,1.25,70651.45437124695,0.5,0.0,0.0,0.0,30.134300560009805,0.03,30.1282749050288,market,2.0,market,4.0,0.5,0,0
LONG,2026-02-08 00:45:00+00:00,2026-02-08 00:50:00+00:00,2026-02-08 03:35:00+00:00,69152.63776201,69124.97670690519,68846.25384748801,69431.36615253198,69723.92230505396,0.00043580550310970276,0.05395179892650576,0.05395179892650576,0.0,0.05997921894475358,0.0,0.4040613024607535,STOP,True,0.0,2.75,69427.89458422436,0.5,0.0,0.0,0.0,30.137100091235794,0.03,30.131073876460505,market,2.0,market,4.0,0.5,0,0
LONG,2026-02-08 04:05:00+00:00,2026-02-08 04:20:00+00:00,2026-02-08 05:20:00+00:00,69229.28308801001,69201.5913747748,69040.85266635015,69390.02733366984,69564.61466732969,0.0004353463971394814,0.028206752850745517,0.028206752850745517,0.0,0.03423449664452971,0.0,0.34384848772419857,STOP,True,0.0,1.0,69386.55783230317,0.5,0.0,0.0,0.0,30.138718968914386,0.03,30.1326924304283,market,2.0,market,4.0,0.5,0,0
LONG,2026-02-08 14:50:00+00:00,2026-02-08 15:00:00+00:00,2026-02-08 15:05:00+00:00,71280.10317001,71251.591128742,71068.48144426465,71463.21855575536,71660.58711150072,0.0004228327962552835,0.03193025741460828,0.03193025741460828,0.0,0.03795817048275491,0.0,0.35683997712813637,STOP,True,0.0,0.08333333333333333,71459.64539482757,0.5,0.0,0.0,0.0,30.139565340740425,0.03,30.133538633013824,market,2.0,market,4.0,0.5,0,0
LONG,2026-02-09 05:20:00+00:00,2026-02-09 05:25:00+00:00,2026-02-09 06:00:00+00:00,71012.94975001,70741.77754187147,70770.08557610192,71227.41442391808,71456.07884782615,0.00042443700122512043,-0.11509551883790901,-0.11509551883790901,0.0,0.0,0.0,-1.1165591193419908,STOP,False,0.0,0.5833333333333334,,0.5,0.0,0.0,0.0,30.140523440044408,0.03,30.13449654073626,market,2.0,market,4.0,0.5,0,0
